flock_id,pen_id,day,breed,phase,season,health_status,flock_size,temperature_c,humidity_pct,feed_intake_g,water_intake_ml,cumulative_feed_g,body_weight_g,fcr,problem_type,mortality_risk
0,Pen_A,1,Noiler,Starter,Dry/Harmattan,Healthy,570,35.0,53.8,12.09,28.8,12.09,268.14,1.2,None,0
0,Pen_A,2,Noiler,Starter,Dry/Harmattan,Mild Stress,570,38.3,82.7,9.3,27.81,21.39,268.14,1.2,Dirty/wet litter,0
0,Pen_A,3,Noiler,Starter,Dry/Harmattan,Recovering,570,34.9,54.9,5.0,20.0,26.39,276.56,1.2,None,0
0,Pen_A,4,Noiler,Starter,Dry/Harmattan,Healthy,570,34.7,49.2,10.64,20.54,37.04,354.16,1.2,None,0
0,Pen_A,5,Noiler,Starter,Dry/Harmattan,Recovering,570,32.1,49.8,8.41,33.66,45.45,354.16,1.2,None,0
0,Pen_A,6,Noiler,Starter,Dry/Harmattan,Healthy,570,35.7,63.2,11.73,25.76,57.18,415.29,1.2,None,0
0,Pen_A,7,Noiler,Starter,Dry/Harmattan,Post-Vaccination,570,34.3,58.1,8.34,20.0,65.52,418.73,1.2,Vaccination stress,0
0,Pen_A,8,Noiler,Starter,Dry/Harmattan,Healthy,570,34.6,54.1,29.28,76.91,94.8,456.16,1.2,None,0
0,Pen_A,9,Noiler,Starter,Dry/Harmattan,Mild Stress,570,35.9,62.7,17.25,50.95,112.05,456.16,1.931,Low appetite,0
0,Pen_A,10,Noiler,Starter,Dry/Harmattan,Recovering,570,35.5,58.0,11.31,28.61,123.35,456.16,1.862,Disease symptoms,0
0,Pen_A,11,Noiler,Starter,Dry/Harmattan,Recovering,570,34.8,50.7,22.7,56.24,146.05,503.5,1.2,None,0
0,Pen_A,12,Noiler,Starter,Dry/Harmattan,Healthy,570,33.7,59.6,29.62,80.99,175.67,648.96,1.2,None,0
0,Pen_A,13,Noiler,Starter,Dry/Harmattan,Recovering,570,32.4,86.0,11.12,25.1,186.79,648.96,1.917,Mouldy feed,0
0,Pen_A,14,Noiler,Starter,Dry/Harmattan,Recovering,570,35.0,51.6,14.42,40.21,201.21,648.96,1.663,Disease symptoms,1
0,Pen_A,15,Noiler,Grower,Dry/Harmattan,Healthy,570,34.7,59.3,51.77,132.3,252.98,814.96,1.2,None,0
0,Pen_A,16,Noiler,Grower,Dry/Harmattan,Healthy,570,37.2,55.3,42.64,118.45,295.62,877.92,1.2,None,0
0,Pen_A,17,Noiler,Grower,Dry/Harmattan,Post-Vaccination,570,32.8,55.6,38.45,90.55,334.07,877.92,1.2,Vaccination stress,0
0,Pen_A,18,Noiler,Grower,Dry/Harmattan,Recovering,570,34.9,60.3,40.3,110.36,374.37,885.29,1.2,None,0
0,Pen_A,19,Noiler,Grower,Dry/Harmattan,Healthy,570,33.8,49.5,57.11,144.39,431.48,1050.17,1.2,None,0
0,Pen_A,20,Noiler,Grower,Dry/Harmattan,Healthy,570,33.9,60.5,61.36,147.91,492.84,1121.73,1.2,None,0
0,Pen_A,21,Noiler,Grower,Dry/Harmattan,Healthy,570,35.1,59.4,52.72,139.94,545.56,1220.68,1.2,None,0
0,Pen_A,22,Noiler,Grower,Dry/Harmattan,Healthy,570,35.3,56.0,73.72,194.72,619.28,1239.97,1.2,None,0
0,Pen_A,23,Noiler,Grower,Dry/Harmattan,Healthy,570,33.9,52.0,78.39,196.95,697.67,1277.46,1.2,None,0
0,Pen_A,24,Noiler,Grower,Dry/Harmattan,Healthy,570,41.3,49.3,66.93,194.73,764.6,1388.78,1.2,Heat stress,0
0,Pen_A,25,Noiler,Grower,Dry/Harmattan,Mild Stress,570,36.1,74.3,67.58,181.02,832.18,1388.78,1.2,None,0
0,Pen_A,26,Noiler,Grower,Dry/Harmattan,Healthy,570,35.6,50.7,77.7,196.59,909.88,1394.65,1.2,None,0
0,Pen_A,27,Noiler,Grower,Dry/Harmattan,Mild Stress,570,37.4,86.6,55.29,145.21,965.17,1394.65,1.2,Dirty/wet litter,0
0,Pen_A,28,Noiler,Grower,Dry/Harmattan,Healthy,570,40.9,55.9,63.18,190.86,1028.35,1576.33,1.2,Heat stress,0
0,Pen_A,29,Noiler,Finisher,Dry/Harmattan,Recovering,570,33.0,53.3,50.58,126.59,1078.93,1576.33,1.2,High deaths,1
0,Pen_A,30,Noiler,Finisher,Dry/Harmattan,Healthy,570,36.4,58.0,96.52,261.5,1175.45,1638.83,1.2,None,1
0,Pen_A,31,Noiler,Finisher,Dry/Harmattan,Healthy,570,40.1,55.4,82.94,243.69,1258.4,1716.63,1.2,None,0
0,Pen_A,32,Noiler,Finisher,Dry/Harmattan,Mild Stress,570,35.7,53.6,85.34,228.22,1343.74,1716.63,1.2,None,0
0,Pen_A,33,Noiler,Finisher,Dry/Harmattan,Healthy,570,38.4,52.8,84.92,233.73,1428.65,1748.77,1.2,Heat stress,0
0,Pen_A,34,Noiler,Finisher,Dry/Harmattan,Healthy,570,36.1,54.1,93.19,255.48,1521.84,1834.17,1.2,None,0
0,Pen_A,35,Noiler,Finisher,Dry/Harmattan,Healthy,570,34.4,56.9,94.38,243.79,1616.23,1888.09,1.2,None,0
0,Pen_A,36,Noiler,Finisher,Dry/Harmattan,Healthy,570,34.4,48.3,106.61,271.72,1722.83,1888.09,1.2,None,0
0,Pen_A,37,Noiler,Finisher,Dry/Harmattan,Post-Vaccination,570,34.7,59.9,94.39,243.67,1817.23,1888.09,1.2,None,1
0,Pen_A,38,Noiler,Finisher,Dry/Harmattan,Recovering,570,33.2,56.3,98.16,252.76,1915.39,1888.09,1.2,None,0
0,Pen_A,39,Noiler,Finisher,Dry/Harmattan,Mild Stress,570,36.7,57.5,99.85,262.74,2015.25,1927.07,1.2,None,0
0,Pen_A,40,Noiler,Finisher,Dry/Harmattan,Mild Stress,570,37.7,94.1,82.91,238.41,2098.16,1927.07,1.2,Poor ventilation,1
0,Pen_A,41,Noiler,Finisher,Dry/Harmattan,Healthy,570,34.1,49.1,110.37,283.58,2208.53,1946.56,1.238,None,0
0,Pen_A,42,Noiler,Finisher,Dry/Harmattan,Healthy,570,36.6,60.7,110.42,293.35,2318.95,1946.56,1.219,None,0
1,Pen_B,1,Cobb 500,Starter,Late Rainy,Mild Stress,984,34.5,91.7,10.26,33.98,10.26,267.14,1.2,Poor ventilation,0
1,Pen_B,2,Cobb 500,Starter,Late Rainy,Healthy,984,33.4,78.8,16.26,37.93,26.52,349.36,1.2,None,0
1,Pen_B,3,Cobb 500,Starter,Late Rainy,Healthy,984,34.2,71.7,12.5,35.33,39.01,378.47,1.2,None,0
1,Pen_B,4,Cobb 500,Starter,Late Rainy,Mild Stress,984,37.6,95.1,10.08,34.56,49.09,378.47,1.2,Dirty/wet litter,0
1,Pen_B,5,Cobb 500,Starter,Late Rainy,Healthy,984,34.6,86.2,12.97,34.89,62.06,473.12,1.2,None,0
1,Pen_B,6,Cobb 500,Starter,Late Rainy,Recovering,984,37.0,81.6,8.35,22.0,70.41,473.12,1.2,None,0
1,Pen_B,7,Cobb 500,Starter,Late Rainy,Healthy,984,35.8,74.4,12.02,42.07,82.43,560.02,1.2,None,0
1,Pen_B,8,Cobb 500,Starter,Late Rainy,Healthy,984,35.0,85.8,30.31,85.63,112.75,595.74,1.2,None,0
1,Pen_B,9,Cobb 500,Starter,Late Rainy,Mild Stress,984,36.1,90.5,27.82,73.71,140.56,595.74,1.2,Dirty/wet litter,1
1,Pen_B,10,Cobb 500,Starter,Late Rainy,Healthy,984,36.2,83.2,31.98,91.44,172.54,708.68,1.2,None,0
1,Pen_B,11,Cobb 500,Starter,Late Rainy,Healthy,984,35.5,69.7,28.81,78.5,201.35,791.17,1.2,None,0
1,Pen_B,12,Cobb 500,Starter,Late Rainy,Post-Vaccination,984,34.8,85.4,23.49,66.01,224.84,791.17,1.2,None,0
1,Pen_B,13,Cobb 500,Starter,Late Rainy,Mild Stress,984,34.6,84.9,27.6,72.12,252.45,791.17,1.2,Dirty/wet litter,0
1,Pen_B,14,Cobb 500,Starter,Late Rainy,Mild Stress,984,34.6,78.9,26.86,62.98,279.3,920.86,1.2,None,0
1,Pen_B,15,Cobb 500,Grower,Late Rainy,Healthy,984,33.8,69.0,69.4,181.0,348.71,1008.32,1.2,None,0
1,Pen_B,16,Cobb 500,Grower,Late Rainy,Healthy,984,32.3,81.0,65.62,156.79,414.33,1076.24,1.2,None,0
1,Pen_B,17,Cobb 500,Grower,Late Rainy,Recovering,984,34.2,69.4,27.57,77.31,441.89,1076.24,1.2,High deaths,1
1,Pen_B,18,Cobb 500,Grower,Late Rainy,Healthy,984,35.8,78.6,58.5,153.91,500.39,1175.56,1.2,None,1
1,Pen_B,19,Cobb 500,Grower,Late Rainy,Mild Stress,984,33.9,84.6,53.73,131.45,554.12,1175.56,1.2,Dirty/wet litter,0
1,Pen_B,20,Cobb 500,Grower,Late Rainy,Healthy,984,33.9,83.8,66.49,176.43,620.6,1401.23,1.2,None,0
1,Pen_B,21,Cobb 500,Grower,Late Rainy,Healthy,984,33.9,75.0,63.97,157.52,684.58,1477.64,1.2,None,0
1,Pen_B,22,Cobb 500,Grower,Late Rainy,Healthy,984,34.6,73.9,86.44,226.64,771.02,1501.71,1.2,None,0
1,Pen_B,23,Cobb 500,Grower,Late Rainy,Healthy,984,33.6,92.2,94.27,234.41,865.29,1590.88,1.2,None,0
1,Pen_B,24,Cobb 500,Grower,Late Rainy,Mild Stress,984,35.0,81.8,49.33,130.58,914.62,1590.88,1.727,Low appetite,0
1,Pen_B,25,Cobb 500,Grower,Late Rainy,Healthy,984,36.0,71.5,90.94,245.71,1005.56,1732.62,1.2,None,0
1,Pen_B,26,Cobb 500,Grower,Late Rainy,Healthy,984,31.9,85.0,93.77,218.92,1099.33,1830.34,1.2,None,0
1,Pen_B,27,Cobb 500,Grower,Late Rainy,Healthy,984,36.1,85.5,83.69,231.04,1183.02,1954.35,1.2,None,0
1,Pen_B,28,Cobb 500,Grower,Late Rainy,Healthy,984,36.2,83.6,85.51,228.22,1268.54,1954.35,1.2,None,0
1,Pen_B,29,Cobb 500,Finisher,Late Rainy,Healthy,984,33.6,69.0,132.35,330.74,1400.88,2017.18,1.2,None,0
1,Pen_B,30,Cobb 500,Finisher,Late Rainy,Mild Stress,984,35.3,89.4,62.21,151.42,1463.09,2017.18,2.26,Low appetite,1
1,Pen_B,31,Cobb 500,Finisher,Late Rainy,Healthy,984,38.4,80.6,98.71,278.97,1561.8,2161.01,1.2,None,1
1,Pen_B,32,Cobb 500,Finisher,Late Rainy,Healthy,984,32.7,89.4,116.67,292.84,1678.47,2177.44,1.2,None,0
1,Pen_B,33,Cobb 500,Finisher,Late Rainy,Mild Stress,984,34.5,77.9,99.14,257.89,1777.61,2177.44,1.2,None,0
1,Pen_B,34,Cobb 500,Finisher,Late Rainy,Healthy,984,32.5,78.7,122.22,298.99,1899.84,2273.54,1.2,None,0
1,Pen_B,35,Cobb 500,Finisher,Late Rainy,Healthy,984,37.5,85.6,91.64,251.19,1991.47,2369.44,1.2,None,0
1,Pen_B,36,Cobb 500,Finisher,Late Rainy,Healthy,984,33.7,80.7,147.74,369.97,2139.21,2369.44,1.2,None,0
1,Pen_B,37,Cobb 500,Finisher,Late Rainy,Mild Stress,984,33.7,80.5,135.47,335.13,2274.68,2369.44,1.2,None,0
1,Pen_B,38,Cobb 500,Finisher,Late Rainy,Recovering,984,33.9,78.9,67.83,176.91,2342.51,2369.44,1.2,High deaths,1
1,Pen_B,39,Cobb 500,Finisher,Late Rainy,Recovering,984,36.2,84.5,62.73,173.57,2405.24,2369.44,2.051,Mouldy feed,1
1,Pen_B,40,Cobb 500,Finisher,Late Rainy,Recovering,984,38.8,73.7,90.54,249.11,2495.78,2369.44,1.2,Heat stress,0
1,Pen_B,41,Cobb 500,Finisher,Late Rainy,Mild Stress,984,37.6,87.1,101.74,279.76,2597.52,2369.44,1.2,Poor ventilation,0
1,Pen_B,42,Cobb 500,Finisher,Late Rainy,Healthy,984,36.0,85.3,129.07,342.48,2726.59,2463.65,1.2,None,0
2,Pen_C,1,Cobb 500,Starter,Peak Rainy,Healthy,374,30.6,86.8,14.82,36.16,14.82,307.72,1.2,None,0
2,Pen_C,2,Cobb 500,Starter,Peak Rainy,Mild Stress,374,35.2,90.9,11.05,23.91,25.87,314.76,1.2,Dirty/wet litter,0
2,Pen_C,3,Cobb 500,Starter,Peak Rainy,Mild Stress,374,33.9,87.5,11.48,27.55,37.35,336.11,1.2,Poor ventilation,0
2,Pen_C,4,Cobb 500,Starter,Peak Rainy,Healthy,374,31.5,72.4,20.76,46.08,58.1,439.67,1.2,None,0
2,Pen_C,5,Cobb 500,Starter,Peak Rainy,Recovering,374,33.1,76.5,5.0,20.0,63.1,439.67,1.2,High deaths,0
2,Pen_C,6,Cobb 500,Starter,Peak Rainy,Healthy,374,31.6,85.1,16.42,43.98,79.53,540.91,1.2,None,0
2,Pen_C,7,Cobb 500,Starter,Peak Rainy,Healthy,374,31.0,83.7,15.39,33.64,94.92,569.19,1.2,None,0
2,Pen_C,8,Cobb 500,Starter,Peak Rainy,Healthy,374,27.7,78.6,34.16,68.94,129.08,595.63,1.2,None,0
2,Pen_C,9,Cobb 500,Starter,Peak Rainy,Healthy,374,30.5,76.7,38.71,80.09,167.79,668.28,1.2,None,0
2,Pen_C,10,Cobb 500,Starter,Peak Rainy,Healthy,374,26.8,86.5,37.6,81.66,205.39,714.22,1.2,None,0
2,Pen_C,11,Cobb 500,Starter,Peak Rainy,Healthy,374,32.1,79.0,36.27,87.12,241.66,772.88,1.2,None,0
2,Pen_C,12,Cobb 500,Starter,Peak Rainy,Recovering,374,29.8,67.6,15.42,33.9,257.08,772.88,1.2,High deaths,1
2,Pen_C,13,Cobb 500,Starter,Peak Rainy,Recovering,374,31.6,88.1,12.81,34.68,269.89,772.88,1.991,Disease symptoms,0
2,Pen_C,14,Cobb 500,Starter,Peak Rainy,Post-Vaccination,374,31.8,81.0,30.01,70.65,299.9,884.32,1.2,None,0
2,Pen_C,15,Cobb 500,Grower,Peak Rainy,Post-Vaccination,374,30.0,79.5,57.3,134.5,357.2,925.11,1.2,None,0
2,Pen_C,16,Cobb 500,Grower,Peak Rainy,Healthy,374,28.0,80.9,66.36,149.52,423.56,1079.14,1.2,None,0
2,Pen_C,17,Cobb 500,Grower,Peak Rainy,Healthy,374,30.4,85.6,64.69,149.32,488.25,1103.09,1.2,None,0
2,Pen_C,18,Cobb 500,Grower,Peak Rainy,Healthy,374,29.1,75.7,66.61,149.92,554.85,1243.52,1.2,None,0
2,Pen_C,19,Cobb 500,Grower,Peak Rainy,Recovering,374,30.6,85.2,54.55,128.23,609.4,1243.52,1.2,None,0
2,Pen_C,20,Cobb 500,Grower,Peak Rainy,Healthy,374,30.0,82.7,64.71,145.75,674.11,1366.79,1.2,None,0
2,Pen_C,21,Cobb 500,Grower,Peak Rainy,Recovering,374,30.5,82.8,51.65,124.72,725.76,1366.79,1.2,None,0
2,Pen_C,22,Cobb 500,Grower,Peak Rainy,Recovering,374,29.1,80.8,33.87,81.6,759.64,1366.79,1.2,High deaths,1
2,Pen_C,23,Cobb 500,Grower,Peak Rainy,Mild Stress,374,29.7,82.5,87.92,200.68,847.56,1544.77,1.2,None,1
2,Pen_C,24,Cobb 500,Grower,Peak Rainy,Healthy,374,33.6,76.3,96.61,248.76,944.17,1669.92,1.2,None,0
2,Pen_C,25,Cobb 500,Grower,Peak Rainy,Recovering,374,34.8,96.0,39.91,100.39,984.08,1669.92,2.041,Mouldy feed,1
2,Pen_C,26,Cobb 500,Grower,Peak Rainy,Recovering,374,30.2,74.3,80.5,182.89,1064.58,1669.92,1.2,None,0
2,Pen_C,27,Cobb 500,Grower,Peak Rainy,Healthy,374,30.2,81.8,96.38,221.22,1160.96,1885.34,1.2,None,0
2,Pen_C,28,Cobb 500,Grower,Peak Rainy,Mild Stress,374,31.0,78.8,88.53,215.5,1249.49,1885.34,1.2,None,0
2,Pen_C,29,Cobb 500,Finisher,Peak Rainy,Mild Stress,374,32.5,82.5,69.44,166.54,1318.93,1885.34,1.752,Very poor weight gain,0
2,Pen_C,30,Cobb 500,Finisher,Peak Rainy,Recovering,374,29.9,67.9,66.72,150.21,1385.65,1885.34,1.2,High deaths,1
2,Pen_C,31,Cobb 500,Finisher,Peak Rainy,Post-Vaccination,374,30.1,80.2,79.06,182.76,1464.72,1885.34,1.2,Vaccination stress,1
2,Pen_C,32,Cobb 500,Finisher,Peak Rainy,Post-Vaccination,374,28.5,74.5,106.93,237.0,1571.65,1920.84,1.2,None,1
2,Pen_C,33,Cobb 500,Finisher,Peak Rainy,Healthy,374,33.1,86.9,120.35,302.04,1692.0,2219.92,1.2,None,0
2,Pen_C,34,Cobb 500,Finisher,Peak Rainy,Healthy,374,33.8,79.0,125.31,316.32,1817.31,2311.86,1.2,None,0
2,Pen_C,35,Cobb 500,Finisher,Peak Rainy,Healthy,374,31.6,87.8,123.99,286.63,1941.3,2311.86,1.2,None,0
2,Pen_C,36,Cobb 500,Finisher,Peak Rainy,Healthy,374,29.7,79.6,148.88,340.0,2090.18,2311.86,1.2,None,0
2,Pen_C,37,Cobb 500,Finisher,Peak Rainy,Mild Stress,374,36.8,92.2,110.11,308.36,2200.29,2311.86,1.2,Dirty/wet litter,0
2,Pen_C,38,Cobb 500,Finisher,Peak Rainy,Healthy,374,28.1,77.1,151.94,334.41,2352.23,2520.36,1.2,None,0
2,Pen_C,39,Cobb 500,Finisher,Peak Rainy,Post-Vaccination,374,29.8,76.6,127.48,291.08,2479.71,2520.36,1.2,None,0
2,Pen_C,40,Cobb 500,Finisher,Peak Rainy,Healthy,374,27.2,81.2,146.42,318.23,2626.13,2520.36,1.2,None,0
2,Pen_C,41,Cobb 500,Finisher,Peak Rainy,Recovering,374,33.1,83.0,64.75,165.24,2690.89,2520.36,1.675,Mouldy feed,1
2,Pen_C,42,Cobb 500,Finisher,Peak Rainy,Mild Stress,374,36.6,92.9,112.63,301.29,2803.52,2520.36,1.2,Poor ventilation,1
3,Pen_D,1,Ross 308,Starter,Peak Rainy,Healthy,334,27.7,70.0,15.58,39.14,15.58,326.0,1.2,None,0
3,Pen_D,2,Ross 308,Starter,Peak Rainy,Healthy,334,26.3,82.0,16.96,30.0,32.54,350.07,1.2,None,0
3,Pen_D,3,Ross 308,Starter,Peak Rainy,Healthy,334,26.9,97.6,13.83,26.68,46.37,392.83,1.2,Very high humidity,0
3,Pen_D,4,Ross 308,Starter,Peak Rainy,Recovering,334,27.9,78.7,12.86,32.92,59.23,392.83,1.2,None,0
3,Pen_D,5,Ross 308,Starter,Peak Rainy,Healthy,334,28.1,74.4,14.43,29.93,73.66,473.91,1.2,None,0
3,Pen_D,6,Ross 308,Starter,Peak Rainy,Recovering,334,27.5,83.8,10.71,27.74,84.37,473.91,1.2,None,0
3,Pen_D,7,Ross 308,Starter,Peak Rainy,Healthy,334,29.3,72.7,11.14,30.7,95.51,574.49,1.2,None,0
3,Pen_D,8,Ross 308,Starter,Peak Rainy,Healthy,334,27.7,78.8,37.29,80.75,132.8,581.58,1.2,None,0
3,Pen_D,9,Ross 308,Starter,Peak Rainy,Healthy,334,25.2,80.9,36.58,78.44,169.38,591.42,1.2,None,0
3,Pen_D,10,Ross 308,Starter,Peak Rainy,Healthy,334,29.0,79.2,34.97,75.91,204.35,695.2,1.2,None,0
3,Pen_D,11,Ross 308,Starter,Peak Rainy,Recovering,334,26.3,75.1,14.66,35.19,219.02,695.2,1.86,Disease symptoms,1
3,Pen_D,12,Ross 308,Starter,Peak Rainy,Mild Stress,334,26.8,82.6,23.88,38.97,242.9,695.2,1.634,Very poor weight gain,1
3,Pen_D,13,Ross 308,Starter,Peak Rainy,Mild Stress,334,31.4,82.1,28.85,67.57,271.75,832.72,1.2,None,0
3,Pen_D,14,Ross 308,Starter,Peak Rainy,Healthy,334,26.3,74.7,36.07,78.42,307.82,968.06,1.2,None,0
3,Pen_D,15,Ross 308,Grower,Peak Rainy,Mild Stress,334,26.9,77.1,63.34,129.39,371.16,968.06,1.2,None,0
3,Pen_D,16,Ross 308,Grower,Peak Rainy,Mild Stress,334,28.7,73.2,42.58,84.79,413.74,968.06,2.093,Very poor weight gain,1
3,Pen_D,17,Ross 308,Grower,Peak Rainy,Healthy,334,28.2,86.0,63.45,132.55,477.19,1132.5,1.2,None,0
3,Pen_D,18,Ross 308,Grower,Peak Rainy,Healthy,334,25.5,73.9,68.0,138.92,545.19,1196.99,1.2,None,0
3,Pen_D,19,Ross 308,Grower,Peak Rainy,Healthy,334,28.3,89.9,63.73,148.76,608.93,1351.11,1.2,Very high humidity,1
3,Pen_D,20,Ross 308,Grower,Peak Rainy,Healthy,334,26.1,83.1,63.46,137.41,672.39,1351.11,1.2,None,0
3,Pen_D,21,Ross 308,Grower,Peak Rainy,Post-Vaccination,334,26.0,78.4,55.08,119.53,727.47,1351.11,1.2,None,0
3,Pen_D,22,Ross 308,Grower,Peak Rainy,Recovering,334,33.0,89.1,37.84,90.33,765.3,1351.11,1.932,Mouldy feed,0
3,Pen_D,23,Ross 308,Grower,Peak Rainy,Mild Stress,334,28.2,92.5,64.43,147.06,829.73,1351.11,2.208,Very poor weight gain,0
3,Pen_D,24,Ross 308,Grower,Peak Rainy,Healthy,334,26.6,85.0,90.18,195.66,919.91,1612.44,1.2,None,0
3,Pen_D,25,Ross 308,Grower,Peak Rainy,Mild Stress,334,27.3,81.0,84.29,182.89,1004.19,1638.84,1.2,None,0
3,Pen_D,26,Ross 308,Grower,Peak Rainy,Healthy,334,26.0,78.5,95.45,193.51,1099.65,1779.49,1.2,None,0
3,Pen_D,27,Ross 308,Grower,Peak Rainy,Healthy,334,28.0,76.0,98.21,221.8,1197.85,1910.06,1.2,None,0
3,Pen_D,28,Ross 308,Grower,Peak Rainy,Post-Vaccination,334,27.8,78.3,79.18,168.33,1277.04,1910.06,1.2,None,0
3,Pen_D,29,Ross 308,Finisher,Peak Rainy,Post-Vaccination,334,27.6,76.4,102.93,214.75,1379.97,1910.06,1.2,None,0
3,Pen_D,30,Ross 308,Finisher,Peak Rainy,Healthy,334,25.6,78.9,121.56,251.06,1501.52,1995.4,1.2,None,0
3,Pen_D,31,Ross 308,Finisher,Peak Rainy,Healthy,334,27.0,79.9,117.66,250.58,1619.19,2094.98,1.2,None,0
3,Pen_D,32,Ross 308,Finisher,Peak Rainy,Mild Stress,334,36.2,85.7,90.99,245.9,1710.18,2094.98,1.2,Poor ventilation,0
3,Pen_D,33,Ross 308,Finisher,Peak Rainy,Healthy,334,29.1,81.6,118.72,265.0,1828.9,2137.41,1.2,None,0
3,Pen_D,34,Ross 308,Finisher,Peak Rainy,Recovering,334,30.9,93.9,91.23,210.73,1920.13,2137.41,1.2,Very high humidity,1
3,Pen_D,35,Ross 308,Finisher,Peak Rainy,Healthy,334,30.6,80.7,118.95,284.63,2039.08,2247.91,1.2,None,0
3,Pen_D,36,Ross 308,Finisher,Peak Rainy,Healthy,334,28.6,85.8,143.27,314.02,2182.35,2334.53,1.2,None,0
3,Pen_D,37,Ross 308,Finisher,Peak Rainy,Healthy,334,27.1,78.7,145.3,309.4,2327.65,2409.02,1.2,None,0
3,Pen_D,38,Ross 308,Finisher,Peak Rainy,Healthy,334,29.8,89.0,140.55,317.39,2468.2,2438.64,1.2,None,0
3,Pen_D,39,Ross 308,Finisher,Peak Rainy,Post-Vaccination,334,28.9,69.4,100.28,234.29,2568.48,2438.64,1.2,Vaccination stress,1
3,Pen_D,40,Ross 308,Finisher,Peak Rainy,Recovering,334,25.8,85.7,110.54,229.41,2679.02,2438.64,1.2,None,0
3,Pen_D,41,Ross 308,Finisher,Peak Rainy,Healthy,334,25.7,81.2,145.19,287.7,2824.21,2438.64,1.2,None,0
3,Pen_D,42,Ross 308,Finisher,Peak Rainy,Mild Stress,334,35.3,85.0,112.49,294.8,2936.7,2438.64,1.2,Poor ventilation,0
4,Pen_E,1,Nigerian Local,Starter,Early Rainy,Healthy,407,31.5,73.9,14.26,31.98,14.26,230.9,1.2,None,0
4,Pen_E,2,Nigerian Local,Starter,Early Rainy,Healthy,407,32.8,87.2,14.48,35.83,28.74,258.03,1.2,None,0
4,Pen_E,3,Nigerian Local,Starter,Early Rainy,Recovering,407,32.9,85.6,5.33,20.0,34.08,258.03,1.2,High deaths,0
4,Pen_E,4,Nigerian Local,Starter,Early Rainy,Mild Stress,407,29.6,71.2,8.54,20.0,42.62,258.03,1.599,Very poor weight gain,0
4,Pen_E,5,Nigerian Local,Starter,Early Rainy,Healthy,407,34.8,86.0,9.43,30.98,52.05,342.51,1.2,None,0
4,Pen_E,6,Nigerian Local,Starter,Early Rainy,Mild Stress,407,33.1,83.4,5.87,20.0,57.92,342.51,1.999,Very poor weight gain,0
4,Pen_E,7,Nigerian Local,Starter,Early Rainy,Healthy,407,32.0,82.9,14.7,30.79,72.62,407.94,1.2,None,0
4,Pen_E,8,Nigerian Local,Starter,Early Rainy,Healthy,407,34.6,87.7,21.97,60.38,94.58,407.94,1.2,None,0
4,Pen_E,9,Nigerian Local,Starter,Early Rainy,Mild Stress,407,35.1,88.5,22.57,59.58,117.15,407.94,1.2,Poor ventilation,1
4,Pen_E,10,Nigerian Local,Starter,Early Rainy,Post-Vaccination,407,32.9,86.1,14.47,37.61,131.62,437.64,1.2,Vaccination stress,1
4,Pen_E,11,Nigerian Local,Starter,Early Rainy,Healthy,407,34.0,78.6,27.93,65.22,159.55,539.4,1.2,None,0
4,Pen_E,12,Nigerian Local,Starter,Early Rainy,Healthy,407,32.1,80.4,25.69,56.06,185.24,578.05,1.2,None,0
4,Pen_E,13,Nigerian Local,Starter,Early Rainy,Healthy,407,32.4,79.8,27.26,63.95,212.5,630.38,1.2,None,0
4,Pen_E,14,Nigerian Local,Starter,Early Rainy,Healthy,407,33.3,93.3,28.53,69.34,241.02,700.24,1.2,None,0
4,Pen_E,15,Nigerian Local,Grower,Early Rainy,Mild Stress,407,36.3,85.8,44.96,121.55,285.98,700.24,1.2,Dirty/wet litter,1
4,Pen_E,16,Nigerian Local,Grower,Early Rainy,Healthy,407,31.7,87.3,52.64,130.51,338.62,791.77,1.2,None,1
4,Pen_E,17,Nigerian Local,Grower,Early Rainy,Mild Stress,407,35.6,95.3,44.1,111.75,382.72,791.77,1.2,Dirty/wet litter,0
4,Pen_E,18,Nigerian Local,Grower,Early Rainy,Healthy,407,30.5,69.4,55.0,125.65,437.72,859.7,1.2,None,0
4,Pen_E,19,Nigerian Local,Grower,Early Rainy,Healthy,407,30.5,84.7,50.53,122.56,488.25,952.17,1.2,None,0
4,Pen_E,20,Nigerian Local,Grower,Early Rainy,Healthy,407,32.3,74.4,59.61,143.7,547.86,1002.17,1.2,None,0
4,Pen_E,21,Nigerian Local,Grower,Early Rainy,Post-Vaccination,407,33.2,76.9,44.28,111.94,592.14,1002.17,1.2,None,0
4,Pen_E,22,Nigerian Local,Grower,Early Rainy,Healthy,407,32.3,76.1,78.22,189.56,670.35,1050.08,1.2,None,0
4,Pen_E,23,Nigerian Local,Grower,Early Rainy,Healthy,407,29.7,85.4,77.28,177.33,747.63,1148.74,1.2,None,0
4,Pen_E,24,Nigerian Local,Grower,Early Rainy,Recovering,407,30.9,77.9,39.66,91.14,787.29,1148.74,1.2,High deaths,1
4,Pen_E,25,Nigerian Local,Grower,Early Rainy,Healthy,407,30.4,81.6,80.32,189.15,867.61,1214.24,1.2,None,0
4,Pen_E,26,Nigerian Local,Grower,Early Rainy,Mild Stress,407,31.9,89.7,48.22,119.79,915.83,1214.24,2.049,Low appetite,1
4,Pen_E,27,Nigerian Local,Grower,Early Rainy,Healthy,407,32.7,89.5,72.62,184.44,988.45,1270.17,1.2,None,0
4,Pen_E,28,Nigerian Local,Grower,Early Rainy,Healthy,407,31.4,75.3,80.13,189.08,1068.58,1412.48,1.2,None,0
4,Pen_E,29,Nigerian Local,Finisher,Early Rainy,Healthy,407,32.8,83.1,99.78,244.52,1168.36,1412.68,1.2,None,0
4,Pen_E,30,Nigerian Local,Finisher,Early Rainy,Healthy,407,30.4,80.5,98.76,221.2,1267.12,1466.85,1.2,None,0
4,Pen_E,31,Nigerian Local,Finisher,Early Rainy,Post-Vaccination,407,32.4,84.5,64.09,154.19,1331.21,1466.85,1.2,Vaccination stress,0
4,Pen_E,32,Nigerian Local,Finisher,Early Rainy,Mild Stress,407,30.6,80.2,87.14,206.2,1418.35,1477.15,1.2,None,0
4,Pen_E,33,Nigerian Local,Finisher,Early Rainy,Healthy,407,27.7,83.4,100.85,219.02,1519.21,1583.81,1.2,None,0
4,Pen_E,34,Nigerian Local,Finisher,Early Rainy,Healthy,407,33.6,88.7,96.41,238.13,1615.62,1583.81,1.2,None,0
4,Pen_E,35,Nigerian Local,Finisher,Early Rainy,Healthy,407,31.9,82.8,102.68,247.01,1718.3,1674.63,1.2,None,0
4,Pen_E,36,Nigerian Local,Finisher,Early Rainy,Healthy,407,31.4,69.7,120.24,279.34,1838.54,1717.73,1.2,None,1
4,Pen_E,37,Nigerian Local,Finisher,Early Rainy,Healthy,407,33.4,92.9,115.55,288.04,1954.09,1717.73,1.2,Very high humidity,0
4,Pen_E,38,Nigerian Local,Finisher,Early Rainy,Mild Stress,407,32.0,85.0,59.28,137.91,2013.37,1717.73,2.097,Low appetite,0
4,Pen_E,39,Nigerian Local,Finisher,Early Rainy,Healthy,407,33.0,74.2,123.08,308.04,2136.45,1782.58,1.207,None,0
4,Pen_E,40,Nigerian Local,Finisher,Early Rainy,Healthy,407,30.7,81.3,120.9,278.82,2257.35,1791.59,1.205,None,0
4,Pen_E,41,Nigerian Local,Finisher,Early Rainy,Recovering,407,33.7,86.6,91.45,229.17,2348.8,1791.59,1.326,None,0
4,Pen_E,42,Nigerian Local,Finisher,Early Rainy,Post-Vaccination,407,33.6,80.6,102.55,266.12,2451.35,1791.59,1.277,None,0
5,Pen_F,1,Cobb 500,Starter,Dry/Harmattan,Post-Vaccination,512,37.4,61.4,6.45,20.0,6.45,290.57,1.2,Vaccination stress,0
5,Pen_F,2,Cobb 500,Starter,Dry/Harmattan,Mild Stress,512,36.9,57.4,11.58,22.67,18.04,330.66,1.2,None,0
5,Pen_F,3,Cobb 500,Starter,Dry/Harmattan,Healthy,512,37.6,60.6,11.16,28.64,29.2,369.45,1.2,None,1
5,Pen_F,4,Cobb 500,Starter,Dry/Harmattan,Healthy,512,34.0,61.1,11.6,37.5,40.8,412.9,1.2,None,0
5,Pen_F,5,Cobb 500,Starter,Dry/Harmattan,Mild Stress,512,38.9,84.0,11.16,29.82,51.95,412.9,1.2,Dirty/wet litter,1
5,Pen_F,6,Cobb 500,Starter,Dry/Harmattan,Recovering,512,33.4,53.2,13.06,34.54,65.02,439.07,1.2,None,0
5,Pen_F,7,Cobb 500,Starter,Dry/Harmattan,Recovering,512,40.0,46.0,5.61,20.0,70.63,439.07,1.931,Disease symptoms,1
5,Pen_F,8,Cobb 500,Starter,Dry/Harmattan,Recovering,512,38.5,90.2,12.21,28.3,82.84,439.07,2.144,Mouldy feed,1
5,Pen_F,9,Cobb 500,Starter,Dry/Harmattan,Healthy,512,36.2,54.6,34.05,80.51,116.89,656.09,1.2,None,1
5,Pen_F,10,Cobb 500,Starter,Dry/Harmattan,Healthy,512,35.1,55.4,29.68,77.41,146.57,688.53,1.2,None,0
5,Pen_F,11,Cobb 500,Starter,Dry/Harmattan,Healthy,512,36.0,45.4,27.09,72.93,173.66,791.3,1.2,None,0
5,Pen_F,12,Cobb 500,Starter,Dry/Harmattan,Healthy,512,35.9,59.8,33.76,96.59,207.42,856.68,1.2,None,0
5,Pen_F,13,Cobb 500,Starter,Dry/Harmattan,Recovering,512,34.0,59.8,9.96,20.99,217.38,856.68,1.2,High deaths,0
5,Pen_F,14,Cobb 500,Starter,Dry/Harmattan,Healthy,512,39.4,57.3,26.18,83.66,243.55,978.63,1.2,None,0
5,Pen_F,15,Cobb 500,Grower,Dry/Harmattan,Healthy,512,35.9,53.2,57.42,153.93,300.97,995.61,1.2,None,0
5,Pen_F,16,Cobb 500,Grower,Dry/Harmattan,Healthy,512,37.5,49.4,51.51,151.14,352.49,1012.14,1.2,None,0
5,Pen_F,17,Cobb 500,Grower,Dry/Harmattan,Mild Stress,512,33.2,56.1,38.4,92.23,390.88,1012.14,1.771,Low appetite,1
5,Pen_F,18,Cobb 500,Grower,Dry/Harmattan,Healthy,512,34.9,89.2,56.07,146.73,446.96,1230.9,1.2,Very high humidity,1
5,Pen_F,19,Cobb 500,Grower,Dry/Harmattan,Mild Stress,512,34.8,56.7,27.03,67.49,473.98,1230.9,1.731,Low appetite,0
5,Pen_F,20,Cobb 500,Grower,Dry/Harmattan,Healthy,512,36.4,61.8,57.84,146.52,531.83,1358.67,1.2,None,0
5,Pen_F,21,Cobb 500,Grower,Dry/Harmattan,Healthy,512,38.7,59.7,51.69,153.9,583.52,1433.47,1.2,Heat stress,0
5,Pen_F,22,Cobb 500,Grower,Dry/Harmattan,Recovering,512,33.0,52.9,73.58,183.28,657.1,1433.47,1.2,None,0
5,Pen_F,23,Cobb 500,Grower,Dry/Harmattan,Healthy,512,35.9,58.2,83.76,222.91,740.86,1605.04,1.2,None,0
5,Pen_F,24,Cobb 500,Grower,Dry/Harmattan,Recovering,512,35.5,52.0,63.89,163.84,804.74,1605.04,1.2,None,0
5,Pen_F,25,Cobb 500,Grower,Dry/Harmattan,Recovering,512,37.0,61.0,33.63,90.42,838.37,1605.04,1.827,Disease symptoms,1
5,Pen_F,26,Cobb 500,Grower,Dry/Harmattan,Post-Vaccination,512,36.4,48.4,54.78,153.59,893.14,1711.04,1.2,Vaccination stress,0
5,Pen_F,27,Cobb 500,Grower,Dry/Harmattan,Recovering,512,35.9,52.8,65.79,184.56,958.93,1711.04,1.2,None,0
5,Pen_F,28,Cobb 500,Grower,Dry/Harmattan,Mild Stress,512,37.6,57.6,40.23,111.24,999.16,1711.04,1.574,Low appetite,0
5,Pen_F,29,Cobb 500,Finisher,Dry/Harmattan,Healthy,512,35.7,57.2,108.16,284.1,1107.32,1948.88,1.2,None,0
5,Pen_F,30,Cobb 500,Finisher,Dry/Harmattan,Mild Stress,512,35.7,85.7,90.54,232.57,1197.86,1948.88,1.2,Dirty/wet litter,0
5,Pen_F,31,Cobb 500,Finisher,Dry/Harmattan,Healthy,512,37.1,58.4,90.16,237.49,1288.02,2052.68,1.2,None,0
5,Pen_F,32,Cobb 500,Finisher,Dry/Harmattan,Post-Vaccination,512,36.1,56.2,89.12,234.68,1377.14,2052.68,1.2,None,1
5,Pen_F,33,Cobb 500,Finisher,Dry/Harmattan,Healthy,512,36.7,62.1,106.33,282.04,1483.48,2280.69,1.2,None,0
5,Pen_F,34,Cobb 500,Finisher,Dry/Harmattan,Healthy,512,35.7,57.3,106.0,279.45,1589.47,2300.71,1.2,None,0
5,Pen_F,35,Cobb 500,Finisher,Dry/Harmattan,Healthy,512,36.1,46.9,104.96,286.59,1694.43,2300.71,1.2,None,0
5,Pen_F,36,Cobb 500,Finisher,Dry/Harmattan,Healthy,512,33.9,53.7,145.53,370.83,1839.96,2353.42,1.2,None,0
5,Pen_F,37,Cobb 500,Finisher,Dry/Harmattan,Healthy,512,35.0,55.8,128.13,335.63,1968.09,2372.55,1.2,None,0
5,Pen_F,38,Cobb 500,Finisher,Dry/Harmattan,Healthy,512,37.2,48.5,113.28,317.02,2081.38,2372.55,1.2,None,1
5,Pen_F,39,Cobb 500,Finisher,Dry/Harmattan,Mild Stress,512,37.4,93.3,94.57,255.53,2175.94,2372.55,1.2,Poor ventilation,1
5,Pen_F,40,Cobb 500,Finisher,Dry/Harmattan,Healthy,512,36.1,58.1,131.79,347.76,2307.74,2455.53,1.2,None,0
5,Pen_F,41,Cobb 500,Finisher,Dry/Harmattan,Mild Stress,512,33.3,63.1,131.15,323.44,2438.89,2455.53,1.2,None,0
5,Pen_F,42,Cobb 500,Finisher,Dry/Harmattan,Healthy,512,36.8,63.5,129.13,344.28,2568.02,2503.25,1.2,None,0
6,Pen_G,1,Cobb 500,Starter,Late Rainy,Healthy,944,29.2,62.6,13.25,27.75,13.25,327.29,1.2,None,0
6,Pen_G,2,Cobb 500,Starter,Late Rainy,Recovering,944,30.8,78.2,7.01,20.0,20.25,327.29,1.768,Disease symptoms,0
6,Pen_G,3,Cobb 500,Starter,Late Rainy,Healthy,944,32.3,92.2,14.36,38.21,34.61,383.25,1.2,None,0
6,Pen_G,4,Cobb 500,Starter,Late Rainy,Recovering,944,30.8,74.3,6.11,20.0,40.72,383.25,1.686,Disease symptoms,1
6,Pen_G,5,Cobb 500,Starter,Late Rainy,Healthy,944,28.9,87.1,13.74,32.6,54.46,469.27,1.2,None,0
6,Pen_G,6,Cobb 500,Starter,Late Rainy,Healthy,944,30.6,80.5,16.55,33.71,71.02,496.2,1.2,None,0
6,Pen_G,7,Cobb 500,Starter,Late Rainy,Recovering,944,28.5,82.7,5.0,20.0,76.02,496.2,1.2,High deaths,1
6,Pen_G,8,Cobb 500,Starter,Late Rainy,Healthy,944,29.5,79.7,34.95,81.54,110.97,572.32,1.2,None,0
6,Pen_G,9,Cobb 500,Starter,Late Rainy,Healthy,944,28.7,89.4,34.25,76.84,145.21,604.18,1.2,None,0
6,Pen_G,10,Cobb 500,Starter,Late Rainy,Recovering,944,30.2,78.4,17.58,47.34,162.79,604.18,1.782,Disease symptoms,1
6,Pen_G,11,Cobb 500,Starter,Late Rainy,Mild Stress,944,30.1,81.1,18.96,41.33,181.75,641.25,2.251,Low appetite,0
6,Pen_G,12,Cobb 500,Starter,Late Rainy,Healthy,944,27.8,83.4,32.82,70.38,214.57,811.73,1.2,None,0
6,Pen_G,13,Cobb 500,Starter,Late Rainy,Healthy,944,27.6,83.0,34.83,76.2,249.4,877.29,1.2,None,0
6,Pen_G,14,Cobb 500,Starter,Late Rainy,Mild Stress,944,28.9,81.7,32.86,72.15,282.26,941.21,1.2,None,0
6,Pen_G,15,Cobb 500,Grower,Late Rainy,Mild Stress,944,29.4,75.4,40.0,87.31,322.25,941.21,1.912,Very poor weight gain,1
6,Pen_G,16,Cobb 500,Grower,Late Rainy,Mild Stress,944,28.5,82.2,44.39,93.86,366.65,941.21,2.031,Very poor weight gain,0
6,Pen_G,17,Cobb 500,Grower,Late Rainy,Healthy,944,27.3,90.7,65.57,135.27,432.22,1228.98,1.2,None,0
6,Pen_G,18,Cobb 500,Grower,Late Rainy,Healthy,944,27.6,87.2,61.97,137.26,494.19,1281.49,1.2,None,0
6,Pen_G,19,Cobb 500,Grower,Late Rainy,Post-Vaccination,944,29.2,82.1,34.65,78.98,528.84,1281.49,1.2,Vaccination stress,0
6,Pen_G,20,Cobb 500,Grower,Late Rainy,Post-Vaccination,944,30.2,72.4,41.42,86.31,570.27,1284.57,1.2,Vaccination stress,1
6,Pen_G,21,Cobb 500,Grower,Late Rainy,Healthy,944,27.2,86.4,64.36,136.92,634.62,1502.57,1.2,None,0
6,Pen_G,22,Cobb 500,Grower,Late Rainy,Post-Vaccination,944,27.3,80.5,84.08,177.86,718.7,1502.57,1.2,None,0
6,Pen_G,23,Cobb 500,Grower,Late Rainy,Recovering,944,29.1,86.8,75.99,170.61,794.69,1502.57,1.2,None,1
6,Pen_G,24,Cobb 500,Grower,Late Rainy,Mild Stress,944,29.8,66.5,87.19,207.52,881.89,1589.57,1.2,None,0
6,Pen_G,25,Cobb 500,Grower,Late Rainy,Recovering,944,29.0,87.2,35.48,74.35,917.36,1589.57,1.2,High deaths,0
6,Pen_G,26,Cobb 500,Grower,Late Rainy,Healthy,944,28.7,81.6,94.09,215.49,1011.46,1775.83,1.2,None,0
6,Pen_G,27,Cobb 500,Grower,Late Rainy,Healthy,944,30.5,82.7,93.65,218.23,1105.1,1820.0,1.2,None,0
6,Pen_G,28,Cobb 500,Grower,Late Rainy,Post-Vaccination,944,30.2,69.2,59.03,136.43,1164.14,1823.85,1.2,Vaccination stress,1
6,Pen_G,29,Cobb 500,Finisher,Late Rainy,Healthy,944,32.2,76.8,117.91,288.57,1282.04,1972.88,1.2,None,0
6,Pen_G,30,Cobb 500,Finisher,Late Rainy,Healthy,944,30.3,70.8,128.84,308.1,1410.88,2028.89,1.2,None,0
6,Pen_G,31,Cobb 500,Finisher,Late Rainy,Recovering,944,33.4,85.3,53.08,134.94,1463.96,2028.89,2.077,Mouldy feed,1
6,Pen_G,32,Cobb 500,Finisher,Late Rainy,Healthy,944,31.3,78.8,120.65,288.16,1584.61,2181.31,1.2,None,0
6,Pen_G,33,Cobb 500,Finisher,Late Rainy,Mild Stress,944,28.2,80.2,90.75,200.79,1675.35,2181.31,2.055,Very poor weight gain,0
6,Pen_G,34,Cobb 500,Finisher,Late Rainy,Recovering,944,30.9,75.3,98.55,239.9,1773.9,2181.31,1.2,None,0
6,Pen_G,35,Cobb 500,Finisher,Late Rainy,Mild Stress,944,30.2,71.0,64.16,142.88,1838.07,2181.31,1.562,Low appetite,1
6,Pen_G,36,Cobb 500,Finisher,Late Rainy,Post-Vaccination,944,29.4,92.5,121.06,270.48,1959.13,2181.31,1.2,Very high humidity,0
6,Pen_G,37,Cobb 500,Finisher,Late Rainy,Healthy,944,28.2,76.6,148.01,313.03,2107.13,2369.39,1.2,None,0
6,Pen_G,38,Cobb 500,Finisher,Late Rainy,Healthy,944,30.8,74.3,150.82,355.76,2257.95,2522.37,1.2,None,0
6,Pen_G,39,Cobb 500,Finisher,Late Rainy,Healthy,944,28.1,80.3,150.36,325.91,2408.31,2522.37,1.2,None,0
6,Pen_G,40,Cobb 500,Finisher,Late Rainy,Healthy,944,30.1,81.6,148.54,347.82,2556.85,2522.37,1.2,None,0
6,Pen_G,41,Cobb 500,Finisher,Late Rainy,Healthy,944,28.3,84.7,143.37,308.05,2700.22,2522.37,1.2,None,0
6,Pen_G,42,Cobb 500,Finisher,Late Rainy,Mild Stress,944,28.4,87.6,132.01,285.56,2832.23,2522.37,1.2,None,0
7,Pen_H,1,Marshall,Starter,Early Rainy,Mild Stress,360,33.7,90.3,13.78,41.95,13.78,269.02,1.2,Poor ventilation,0
7,Pen_H,2,Marshall,Starter,Early Rainy,Mild Stress,360,36.3,82.5,12.77,35.82,26.56,296.6,1.2,Dirty/wet litter,1
7,Pen_H,3,Marshall,Starter,Early Rainy,Mild Stress,360,30.1,83.1,12.78,26.44,39.33,349.3,1.2,None,0
7,Pen_H,4,Marshall,Starter,Early Rainy,Mild Stress,360,32.3,92.7,14.72,41.08,54.06,369.0,1.2,Poor ventilation,0
7,Pen_H,5,Marshall,Starter,Early Rainy,Healthy,360,28.4,87.8,11.49,26.12,65.55,448.63,1.2,None,0
7,Pen_H,6,Marshall,Starter,Early Rainy,Post-Vaccination,360,26.7,80.7,13.59,29.2,79.14,465.51,1.2,None,0
7,Pen_H,7,Marshall,Starter,Early Rainy,Recovering,360,27.3,87.4,11.09,29.12,90.23,465.51,1.2,None,0
7,Pen_H,8,Marshall,Starter,Early Rainy,Mild Stress,360,30.0,83.0,18.99,37.38,109.22,465.51,1.891,Low appetite,0
7,Pen_H,9,Marshall,Starter,Early Rainy,Recovering,360,29.6,80.7,28.79,66.59,138.01,531.4,1.2,None,0
7,Pen_H,10,Marshall,Starter,Early Rainy,Mild Stress,360,38.0,85.2,25.07,69.62,163.08,532.05,1.2,Dirty/wet litter,0
7,Pen_H,11,Marshall,Starter,Early Rainy,Healthy,360,29.3,81.0,32.64,81.73,195.72,711.11,1.2,None,0
7,Pen_H,12,Marshall,Starter,Early Rainy,Healthy,360,28.3,81.6,29.75,66.88,225.47,760.17,1.2,None,0
7,Pen_H,13,Marshall,Starter,Early Rainy,Healthy,360,28.3,86.8,31.88,57.43,257.34,852.21,1.2,None,0
7,Pen_H,14,Marshall,Starter,Early Rainy,Healthy,360,26.4,95.6,30.28,60.15,287.63,902.94,1.2,Very high humidity,0
7,Pen_H,15,Marshall,Grower,Early Rainy,Healthy,360,28.4,81.7,62.66,129.0,350.29,931.3,1.2,None,0
7,Pen_H,16,Marshall,Grower,Early Rainy,Mild Stress,360,32.0,86.4,55.31,130.16,405.6,931.3,1.2,Dirty/wet litter,1
7,Pen_H,17,Marshall,Grower,Early Rainy,Healthy,360,28.1,74.5,64.46,139.2,470.06,1070.84,1.2,None,0
7,Pen_H,18,Marshall,Grower,Early Rainy,Healthy,360,31.7,82.9,62.89,147.46,532.95,1170.65,1.2,None,0
7,Pen_H,19,Marshall,Grower,Early Rainy,Healthy,360,29.0,86.7,63.93,142.75,596.88,1258.37,1.2,None,0
7,Pen_H,20,Marshall,Grower,Early Rainy,Mild Stress,360,27.9,78.0,57.56,123.92,654.44,1258.37,1.2,None,0
7,Pen_H,21,Marshall,Grower,Early Rainy,Healthy,360,31.3,90.2,59.68,137.4,714.12,1442.79,1.2,None,0
7,Pen_H,22,Marshall,Grower,Early Rainy,Healthy,360,29.1,71.7,97.52,227.47,811.64,1474.26,1.2,None,0
7,Pen_H,23,Marshall,Grower,Early Rainy,Healthy,360,27.8,75.6,92.13,202.43,903.77,1491.25,1.2,None,0
7,Pen_H,24,Marshall,Grower,Early Rainy,Healthy,360,30.0,85.0,90.89,210.07,994.65,1676.51,1.2,None,0
7,Pen_H,25,Marshall,Grower,Early Rainy,Mild Stress,360,32.0,78.6,83.56,196.36,1078.21,1676.51,1.2,None,0
7,Pen_H,26,Marshall,Grower,Early Rainy,Healthy,360,29.4,75.5,91.89,197.69,1170.1,1784.12,1.2,None,0
7,Pen_H,27,Marshall,Grower,Early Rainy,Healthy,360,30.2,87.8,90.13,211.64,1260.23,1789.09,1.2,None,0
7,Pen_H,28,Marshall,Grower,Early Rainy,Healthy,360,26.8,74.7,91.99,185.53,1352.22,1880.99,1.2,None,0
7,Pen_H,29,Marshall,Finisher,Early Rainy,Healthy,360,30.7,88.5,112.12,271.1,1464.34,1880.99,1.2,None,0
7,Pen_H,30,Marshall,Finisher,Early Rainy,Healthy,360,28.5,83.2,116.17,247.36,1580.51,2087.01,1.2,None,0
7,Pen_H,31,Marshall,Finisher,Early Rainy,Post-Vaccination,360,30.2,87.1,97.43,228.75,1677.95,2087.01,1.2,Very high humidity,1
7,Pen_H,32,Marshall,Finisher,Early Rainy,Healthy,360,27.3,97.6,106.76,226.25,1784.71,2093.79,1.2,Very high humidity,0
7,Pen_H,33,Marshall,Finisher,Early Rainy,Mild Stress,360,30.2,80.8,102.59,236.12,1887.3,2117.35,1.2,None,0
7,Pen_H,34,Marshall,Finisher,Early Rainy,Healthy,360,30.6,74.5,117.39,264.96,2004.69,2164.37,1.2,None,0
7,Pen_H,35,Marshall,Finisher,Early Rainy,Recovering,360,29.4,76.3,56.34,121.61,2061.02,2164.37,1.2,High deaths,1
7,Pen_H,36,Marshall,Finisher,Early Rainy,Recovering,360,35.7,93.5,48.96,131.83,2109.98,2164.37,1.628,Mouldy feed,1
7,Pen_H,37,Marshall,Finisher,Early Rainy,Healthy,360,31.2,83.0,140.19,335.39,2250.17,2411.21,1.2,None,0
7,Pen_H,38,Marshall,Finisher,Early Rainy,Healthy,360,28.8,82.3,138.84,302.84,2389.01,2438.37,1.2,None,0
7,Pen_H,39,Marshall,Finisher,Early Rainy,Mild Stress,360,30.5,77.6,123.18,284.74,2512.19,2438.37,1.2,None,0
7,Pen_H,40,Marshall,Finisher,Early Rainy,Recovering,360,28.3,85.2,51.09,115.66,2563.28,2438.37,1.2,High deaths,1
7,Pen_H,41,Marshall,Finisher,Early Rainy,Mild Stress,360,35.9,87.9,106.49,288.15,2669.77,2438.37,1.2,Dirty/wet litter,0
7,Pen_H,42,Marshall,Finisher,Early Rainy,Healthy,360,27.8,76.2,144.37,307.89,2814.14,2523.87,1.2,None,0
8,Pen_A,1,Noiler,Starter,Late Rainy,Mild Stress,616,29.8,82.6,16.62,34.52,16.62,269.67,1.2,None,0
8,Pen_A,2,Noiler,Starter,Late Rainy,Healthy,616,29.3,77.3,12.42,22.45,29.03,298.18,1.2,None,0
8,Pen_A,3,Noiler,Starter,Late Rainy,Mild Stress,616,27.7,75.0,5.39,20.0,34.42,298.18,2.22,Low appetite,0
8,Pen_A,4,Noiler,Starter,Late Rainy,Recovering,616,29.6,90.5,11.41,20.0,45.83,298.18,1.2,Very high humidity,1
8,Pen_A,5,Noiler,Starter,Late Rainy,Healthy,616,29.6,79.6,13.21,36.48,59.04,387.85,1.2,None,0
8,Pen_A,6,Noiler,Starter,Late Rainy,Mild Stress,616,29.7,82.9,12.09,33.06,71.13,391.83,1.2,None,0
8,Pen_A,7,Noiler,Starter,Late Rainy,Healthy,616,30.6,74.2,14.53,32.52,85.65,439.85,1.2,None,0
8,Pen_A,8,Noiler,Starter,Late Rainy,Healthy,616,30.5,81.3,29.43,70.35,115.08,470.53,1.2,None,0
8,Pen_A,9,Noiler,Starter,Late Rainy,Mild Stress,616,33.8,85.7,26.84,71.24,141.92,470.53,1.2,Poor ventilation,0
8,Pen_A,10,Noiler,Starter,Late Rainy,Healthy,616,28.3,75.9,33.54,80.22,175.47,538.95,1.2,None,0
8,Pen_A,11,Noiler,Starter,Late Rainy,Recovering,616,37.4,88.0,11.2,26.26,186.67,538.95,1.803,Mouldy feed,0
8,Pen_A,12,Noiler,Starter,Late Rainy,Mild Stress,616,31.2,81.8,20.85,46.3,207.52,538.95,1.772,Very poor weight gain,0
8,Pen_A,13,Noiler,Starter,Late Rainy,Healthy,616,28.7,86.4,30.46,73.72,237.98,722.14,1.2,None,0
8,Pen_A,14,Noiler,Starter,Late Rainy,Healthy,616,28.0,73.8,33.55,74.93,271.54,790.44,1.2,None,0
8,Pen_A,15,Noiler,Grower,Late Rainy,Mild Stress,616,36.4,87.0,46.73,116.18,318.26,790.44,1.2,Poor ventilation,0
8,Pen_A,16,Noiler,Grower,Late Rainy,Healthy,616,27.2,76.1,57.97,125.67,376.23,883.34,1.2,None,0
8,Pen_A,17,Noiler,Grower,Late Rainy,Mild Stress,616,28.5,76.6,53.92,123.7,430.15,883.34,1.2,None,0
8,Pen_A,18,Noiler,Grower,Late Rainy,Healthy,616,32.4,84.6,53.87,135.2,484.02,986.1,1.2,None,0
8,Pen_A,19,Noiler,Grower,Late Rainy,Healthy,616,28.7,86.7,58.95,120.51,542.97,1075.86,1.2,Very high humidity,0
8,Pen_A,20,Noiler,Grower,Late Rainy,Healthy,616,29.5,79.9,55.88,127.7,598.85,1191.14,1.2,None,0
8,Pen_A,21,Noiler,Grower,Late Rainy,Healthy,616,30.2,84.7,55.62,124.67,654.47,1198.16,1.2,None,0
8,Pen_A,22,Noiler,Grower,Late Rainy,Healthy,616,28.3,78.6,85.6,189.86,740.07,1198.16,1.2,None,0
8,Pen_A,23,Noiler,Grower,Late Rainy,Healthy,616,30.5,80.7,85.89,208.77,825.96,1258.91,1.2,None,0
8,Pen_A,24,Noiler,Grower,Late Rainy,Healthy,616,31.7,73.8,84.65,206.53,910.62,1349.52,1.2,None,0
8,Pen_A,25,Noiler,Grower,Late Rainy,Healthy,616,31.3,83.6,81.24,191.51,991.86,1396.37,1.2,None,0
8,Pen_A,26,Noiler,Grower,Late Rainy,Healthy,616,30.9,93.8,76.85,188.21,1068.7,1521.73,1.2,None,0
8,Pen_A,27,Noiler,Grower,Late Rainy,Recovering,616,28.8,79.1,35.05,67.96,1103.75,1521.73,2.195,Disease symptoms,0
8,Pen_A,28,Noiler,Grower,Late Rainy,Healthy,616,32.0,76.2,86.16,205.21,1189.91,1553.96,1.2,None,0
8,Pen_A,29,Noiler,Finisher,Late Rainy,Healthy,616,30.1,79.1,105.86,244.06,1295.78,1674.39,1.2,None,0
8,Pen_A,30,Noiler,Finisher,Late Rainy,Healthy,616,33.8,92.5,105.31,259.72,1401.09,1784.53,1.2,Very high humidity,0
8,Pen_A,31,Noiler,Finisher,Late Rainy,Mild Stress,616,28.3,84.2,63.17,145.69,1464.25,1784.53,2.031,Low appetite,0
8,Pen_A,32,Noiler,Finisher,Late Rainy,Mild Stress,616,28.9,85.8,78.81,180.38,1543.06,1784.53,2.275,Very poor weight gain,0
8,Pen_A,33,Noiler,Finisher,Late Rainy,Healthy,616,28.2,85.4,108.16,228.01,1651.21,1826.7,1.2,None,0
8,Pen_A,34,Noiler,Finisher,Late Rainy,Healthy,616,28.7,79.7,107.19,238.25,1758.4,1826.7,1.2,None,1
8,Pen_A,35,Noiler,Finisher,Late Rainy,Healthy,616,28.7,91.1,98.86,221.89,1857.27,1832.37,1.2,None,0
8,Pen_A,36,Noiler,Finisher,Late Rainy,Post-Vaccination,616,32.1,89.0,72.22,171.65,1929.49,1832.37,1.2,Vaccination stress,1
8,Pen_A,37,Noiler,Finisher,Late Rainy,Recovering,616,29.8,78.0,52.86,129.29,1982.35,1832.37,1.2,High deaths,1
8,Pen_A,38,Noiler,Finisher,Late Rainy,Mild Stress,616,29.6,74.3,78.55,176.81,2060.9,1832.37,2.235,Low appetite,0
8,Pen_A,39,Noiler,Finisher,Late Rainy,Recovering,616,34.1,95.8,49.37,132.15,2110.27,1832.37,1.81,Mouldy feed,0
8,Pen_A,40,Noiler,Finisher,Late Rainy,Recovering,616,27.0,84.4,55.99,112.05,2166.26,1832.37,1.2,High deaths,1
8,Pen_A,41,Noiler,Finisher,Late Rainy,Healthy,616,41.0,86.9,99.7,294.89,2265.96,2108.85,1.2,Heat stress,0
8,Pen_A,42,Noiler,Finisher,Late Rainy,Healthy,616,30.8,73.6,134.75,317.09,2400.72,2108.85,1.2,None,0
9,Pen_B,1,Nigerian Local,Starter,Peak Rainy,Mild Stress,686,25.3,77.2,5.0,20.0,5.0,167.39,1.603,Low appetite,0
9,Pen_B,2,Nigerian Local,Starter,Peak Rainy,Post-Vaccination,686,25.7,85.1,14.55,33.83,19.55,231.71,1.2,None,1
9,Pen_B,3,Nigerian Local,Starter,Peak Rainy,Recovering,686,26.4,83.7,5.42,20.0,24.98,231.71,1.2,High deaths,1
9,Pen_B,4,Nigerian Local,Starter,Peak Rainy,Mild Stress,686,27.2,76.4,6.0,20.0,30.97,273.88,1.636,Low appetite,0
9,Pen_B,5,Nigerian Local,Starter,Peak Rainy,Recovering,686,26.2,77.3,5.0,20.0,35.97,273.88,2.137,Disease symptoms,0
9,Pen_B,6,Nigerian Local,Starter,Peak Rainy,Mild Stress,686,36.8,90.8,8.26,20.0,44.23,309.15,1.2,Dirty/wet litter,1
9,Pen_B,7,Nigerian Local,Starter,Peak Rainy,Mild Stress,686,35.6,87.8,9.87,34.15,54.1,309.15,1.2,Poor ventilation,1
9,Pen_B,8,Nigerian Local,Starter,Peak Rainy,Recovering,686,34.7,89.4,13.37,37.08,67.47,309.15,1.733,Mouldy feed,1
9,Pen_B,9,Nigerian Local,Starter,Peak Rainy,Healthy,686,36.7,71.7,28.42,74.98,95.89,438.97,1.2,Heat stress,0
9,Pen_B,10,Nigerian Local,Starter,Peak Rainy,Recovering,686,24.9,76.9,12.22,24.29,108.11,438.97,1.2,High deaths,0
9,Pen_B,11,Nigerian Local,Starter,Peak Rainy,Healthy,686,39.9,79.7,23.69,68.86,131.8,496.09,1.2,Heat stress,1
9,Pen_B,12,Nigerian Local,Starter,Peak Rainy,Healthy,686,26.9,80.9,28.18,60.51,159.98,601.75,1.2,None,0
9,Pen_B,13,Nigerian Local,Starter,Peak Rainy,Healthy,686,38.6,77.2,25.91,68.94,185.89,658.82,1.2,Heat stress,0
9,Pen_B,14,Nigerian Local,Starter,Peak Rainy,Healthy,686,25.1,80.2,25.66,55.39,211.55,708.18,1.2,None,0
9,Pen_B,15,Nigerian Local,Grower,Peak Rainy,Mild Stress,686,28.1,82.5,31.54,72.38,243.09,708.18,1.65,Low appetite,0
9,Pen_B,16,Nigerian Local,Grower,Peak Rainy,Post-Vaccination,686,24.9,73.2,40.68,83.77,283.77,708.18,1.2,Vaccination stress,1
9,Pen_B,17,Nigerian Local,Grower,Peak Rainy,Healthy,686,26.8,78.6,52.94,113.94,336.71,797.51,1.2,None,0
9,Pen_B,18,Nigerian Local,Grower,Peak Rainy,Healthy,686,24.0,78.1,55.97,112.17,392.68,840.89,1.2,None,0
9,Pen_B,19,Nigerian Local,Grower,Peak Rainy,Mild Stress,686,24.5,85.3,48.25,96.79,440.94,852.97,1.2,None,0
9,Pen_B,20,Nigerian Local,Grower,Peak Rainy,Healthy,686,26.7,77.0,53.37,112.53,494.31,1058.79,1.2,None,0
9,Pen_B,21,Nigerian Local,Grower,Peak Rainy,Healthy,686,26.1,78.8,52.93,107.44,547.24,1073.86,1.2,None,0
9,Pen_B,22,Nigerian Local,Grower,Peak Rainy,Healthy,686,37.0,79.3,68.28,188.52,615.52,1104.36,1.2,Heat stress,0
9,Pen_B,23,Nigerian Local,Grower,Peak Rainy,Healthy,686,25.8,76.7,76.32,156.18,691.84,1172.26,1.2,None,0
9,Pen_B,24,Nigerian Local,Grower,Peak Rainy,Healthy,686,27.1,87.1,73.12,154.99,764.96,1219.4,1.2,None,0
9,Pen_B,25,Nigerian Local,Grower,Peak Rainy,Healthy,686,25.2,83.3,78.42,154.06,843.38,1258.54,1.2,None,0
9,Pen_B,26,Nigerian Local,Grower,Peak Rainy,Healthy,686,23.9,74.0,81.6,158.02,924.98,1291.13,1.2,None,0
9,Pen_B,27,Nigerian Local,Grower,Peak Rainy,Healthy,686,25.3,80.7,78.55,156.88,1003.53,1293.98,1.2,None,0
9,Pen_B,28,Nigerian Local,Grower,Peak Rainy,Post-Vaccination,686,25.2,79.5,44.05,91.56,1047.58,1344.38,1.2,Vaccination stress,0
9,Pen_B,29,Nigerian Local,Finisher,Peak Rainy,Healthy,686,23.7,68.4,102.17,195.98,1149.75,1498.1,1.2,None,0
9,Pen_B,30,Nigerian Local,Finisher,Peak Rainy,Healthy,686,25.1,83.1,97.25,197.88,1247.0,1498.1,1.2,None,0
9,Pen_B,31,Nigerian Local,Finisher,Peak Rainy,Healthy,686,40.4,83.8,76.09,227.4,1323.09,1517.58,1.2,Heat stress,1
9,Pen_B,32,Nigerian Local,Finisher,Peak Rainy,Healthy,686,26.6,75.9,98.78,205.5,1421.87,1569.76,1.2,None,0
9,Pen_B,33,Nigerian Local,Finisher,Peak Rainy,Healthy,686,25.9,82.2,98.36,192.98,1520.23,1577.37,1.2,None,0
9,Pen_B,34,Nigerian Local,Finisher,Peak Rainy,Mild Stress,686,25.1,84.6,88.3,181.48,1608.52,1577.37,1.2,None,0
9,Pen_B,35,Nigerian Local,Finisher,Peak Rainy,Mild Stress,686,34.0,82.0,78.34,192.86,1686.87,1577.37,1.2,Dirty/wet litter,0
9,Pen_B,36,Nigerian Local,Finisher,Peak Rainy,Healthy,686,22.4,79.6,117.6,232.74,1804.47,1631.19,1.2,None,0
9,Pen_B,37,Nigerian Local,Finisher,Peak Rainy,Mild Stress,686,24.0,86.2,108.94,212.36,1913.4,1631.19,1.2,Very high humidity,0
9,Pen_B,38,Nigerian Local,Finisher,Peak Rainy,Recovering,686,25.5,86.3,61.34,132.39,1974.75,1631.19,1.224,High deaths,1
9,Pen_B,39,Nigerian Local,Finisher,Peak Rainy,Mild Stress,686,25.1,73.2,107.84,218.17,2082.59,1739.41,1.2,None,0
9,Pen_B,40,Nigerian Local,Finisher,Peak Rainy,Post-Vaccination,686,24.5,77.2,101.13,204.52,2183.72,1739.41,1.325,None,0
9,Pen_B,41,Nigerian Local,Finisher,Peak Rainy,Healthy,686,27.4,80.1,118.66,253.88,2302.38,1920.08,1.303,None,0
9,Pen_B,42,Nigerian Local,Finisher,Peak Rainy,Healthy,686,27.8,67.6,124.33,272.99,2426.71,1920.08,1.385,None,0
10,Pen_C,1,Cobb 500,Starter,Peak Rainy,Healthy,389,27.3,78.4,13.79,37.86,13.79,317.43,1.2,None,0
10,Pen_C,2,Cobb 500,Starter,Peak Rainy,Healthy,389,28.0,82.7,14.1,25.24,27.89,365.88,1.2,None,0
10,Pen_C,3,Cobb 500,Starter,Peak Rainy,Healthy,389,28.2,79.2,14.1,29.62,42.0,384.59,1.2,None,0
10,Pen_C,4,Cobb 500,Starter,Peak Rainy,Post-Vaccination,389,29.9,77.1,9.79,26.43,51.79,384.59,1.2,Vaccination stress,0
10,Pen_C,5,Cobb 500,Starter,Peak Rainy,Mild Stress,389,26.7,80.8,9.02,20.0,60.8,384.59,2.103,Very poor weight gain,0
10,Pen_C,6,Cobb 500,Starter,Peak Rainy,Healthy,389,26.5,79.0,15.04,30.9,75.84,531.01,1.2,None,0
10,Pen_C,7,Cobb 500,Starter,Peak Rainy,Healthy,389,29.8,78.7,16.72,28.74,92.56,581.33,1.2,None,0
10,Pen_C,8,Cobb 500,Starter,Peak Rainy,Mild Stress,389,30.9,83.6,31.06,70.21,123.63,581.33,1.2,None,0
10,Pen_C,9,Cobb 500,Starter,Peak Rainy,Healthy,389,27.7,86.5,36.11,79.07,159.74,630.3,1.2,None,0
10,Pen_C,10,Cobb 500,Starter,Peak Rainy,Post-Vaccination,389,26.5,79.5,28.58,64.51,188.31,630.3,1.2,None,0
10,Pen_C,11,Cobb 500,Starter,Peak Rainy,Healthy,389,38.9,90.4,26.85,68.1,215.16,762.75,1.2,Heat stress,1
10,Pen_C,12,Cobb 500,Starter,Peak Rainy,Mild Stress,389,31.6,79.6,28.67,72.42,243.83,764.38,1.2,None,0
10,Pen_C,13,Cobb 500,Starter,Peak Rainy,Healthy,389,39.8,77.3,30.37,85.84,274.2,897.71,1.2,Heat stress,1
10,Pen_C,14,Cobb 500,Starter,Peak Rainy,Healthy,389,28.3,81.8,36.48,82.99,310.68,952.14,1.2,None,0
10,Pen_C,15,Cobb 500,Grower,Peak Rainy,Mild Stress,389,38.0,91.9,42.6,119.17,353.27,952.14,1.2,Poor ventilation,1
10,Pen_C,16,Cobb 500,Grower,Peak Rainy,Healthy,389,28.7,86.9,65.89,147.74,419.17,1053.06,1.2,None,0
10,Pen_C,17,Cobb 500,Grower,Peak Rainy,Recovering,389,27.5,82.9,25.75,53.31,444.92,1053.06,1.2,High deaths,0
10,Pen_C,18,Cobb 500,Grower,Peak Rainy,Healthy,389,30.0,76.3,69.29,162.56,514.21,1233.81,1.2,None,0
10,Pen_C,19,Cobb 500,Grower,Peak Rainy,Recovering,389,28.8,84.1,31.85,72.72,546.06,1233.81,1.914,Disease symptoms,1
10,Pen_C,20,Cobb 500,Grower,Peak Rainy,Healthy,389,32.4,81.9,60.41,150.65,606.46,1367.11,1.2,None,0
10,Pen_C,21,Cobb 500,Grower,Peak Rainy,Healthy,389,27.3,81.0,68.35,138.21,674.82,1465.54,1.2,None,0
10,Pen_C,22,Cobb 500,Grower,Peak Rainy,Healthy,389,31.3,89.2,92.64,218.99,767.46,1505.02,1.2,None,0
10,Pen_C,23,Cobb 500,Grower,Peak Rainy,Healthy,389,31.2,84.0,94.1,222.47,861.56,1693.85,1.2,None,0
10,Pen_C,24,Cobb 500,Grower,Peak Rainy,Healthy,389,27.3,88.1,92.22,197.6,953.78,1693.85,1.2,Very high humidity,0
10,Pen_C,25,Cobb 500,Grower,Peak Rainy,Mild Stress,389,29.1,88.4,86.96,194.92,1040.74,1693.85,1.2,None,0
10,Pen_C,26,Cobb 500,Grower,Peak Rainy,Healthy,389,29.0,73.9,96.64,214.0,1137.38,1878.86,1.2,None,0
10,Pen_C,27,Cobb 500,Grower,Peak Rainy,Healthy,389,26.4,76.1,97.16,197.27,1234.54,1878.86,1.2,None,0
10,Pen_C,28,Cobb 500,Grower,Peak Rainy,Healthy,389,26.3,78.4,96.45,202.61,1330.99,2002.23,1.2,None,0
10,Pen_C,29,Cobb 500,Finisher,Peak Rainy,Healthy,389,27.9,85.0,117.32,252.2,1448.31,2002.23,1.2,None,0
10,Pen_C,30,Cobb 500,Finisher,Peak Rainy,Post-Vaccination,389,27.4,81.5,102.96,220.53,1551.27,2002.23,1.2,None,0
10,Pen_C,31,Cobb 500,Finisher,Peak Rainy,Healthy,389,26.9,82.8,119.43,249.23,1670.69,2042.35,1.2,None,0
10,Pen_C,32,Cobb 500,Finisher,Peak Rainy,Healthy,389,28.6,78.1,124.23,277.05,1794.92,2117.1,1.2,None,0
10,Pen_C,33,Cobb 500,Finisher,Peak Rainy,Healthy,389,26.8,84.4,118.34,244.78,1913.26,2248.86,1.2,None,0
10,Pen_C,34,Cobb 500,Finisher,Peak Rainy,Healthy,389,38.5,79.5,95.72,273.68,2008.98,2260.95,1.2,Heat stress,0
10,Pen_C,35,Cobb 500,Finisher,Peak Rainy,Healthy,389,29.0,66.9,128.14,284.91,2137.12,2430.53,1.2,None,0
10,Pen_C,36,Cobb 500,Finisher,Peak Rainy,Healthy,389,30.1,80.0,150.35,352.31,2287.47,2430.53,1.2,None,0
10,Pen_C,37,Cobb 500,Finisher,Peak Rainy,Healthy,389,27.6,79.8,149.74,320.66,2437.21,2430.53,1.2,None,0
10,Pen_C,38,Cobb 500,Finisher,Peak Rainy,Mild Stress,389,36.2,93.8,112.1,297.52,2549.31,2430.53,1.2,Poor ventilation,1
10,Pen_C,39,Cobb 500,Finisher,Peak Rainy,Healthy,389,28.2,79.3,146.48,330.34,2695.79,2430.53,1.2,None,0
10,Pen_C,40,Cobb 500,Finisher,Peak Rainy,Healthy,389,30.7,83.3,145.49,344.27,2841.27,2430.53,1.2,None,0
10,Pen_C,41,Cobb 500,Finisher,Peak Rainy,Healthy,389,29.1,75.5,149.85,337.46,2991.12,2431.22,1.254,None,0
10,Pen_C,42,Cobb 500,Finisher,Peak Rainy,Recovering,389,28.9,76.8,115.92,258.13,3107.04,2431.22,1.316,None,0
11,Pen_D,1,Ross 308,Starter,Dry/Harmattan,Healthy,536,29.3,40.7,13.37,32.34,13.37,313.56,1.2,None,0
11,Pen_D,2,Ross 308,Starter,Dry/Harmattan,Healthy,536,28.1,55.1,18.25,30.84,31.62,353.45,1.2,None,0
11,Pen_D,3,Ross 308,Starter,Dry/Harmattan,Healthy,536,28.5,60.9,15.02,42.9,46.65,378.51,1.2,None,0
11,Pen_D,4,Ross 308,Starter,Dry/Harmattan,Healthy,536,30.5,52.0,11.41,24.83,58.05,415.71,1.2,None,0
11,Pen_D,5,Ross 308,Starter,Dry/Harmattan,Mild Stress,536,25.8,59.5,11.56,23.83,69.62,431.09,1.2,None,1
11,Pen_D,6,Ross 308,Starter,Dry/Harmattan,Post-Vaccination,536,24.2,58.0,14.51,23.55,84.12,469.68,1.2,None,0
11,Pen_D,7,Ross 308,Starter,Dry/Harmattan,Healthy,536,27.3,62.1,10.01,24.14,94.13,545.37,1.2,None,0
11,Pen_D,8,Ross 308,Starter,Dry/Harmattan,Recovering,536,27.4,48.8,26.33,46.52,120.47,545.37,1.2,None,0
11,Pen_D,9,Ross 308,Starter,Dry/Harmattan,Recovering,536,28.0,53.8,12.6,35.46,133.07,545.37,2.135,Disease symptoms,1
11,Pen_D,10,Ross 308,Starter,Dry/Harmattan,Healthy,536,27.9,61.7,33.21,72.14,166.28,695.37,1.2,None,0
11,Pen_D,11,Ross 308,Starter,Dry/Harmattan,Healthy,536,27.5,47.4,33.25,70.57,199.53,764.01,1.2,None,0
11,Pen_D,12,Ross 308,Starter,Dry/Harmattan,Recovering,536,29.8,65.9,12.33,31.7,211.85,764.01,1.2,High deaths,1
11,Pen_D,13,Ross 308,Starter,Dry/Harmattan,Healthy,536,27.6,58.7,31.64,68.39,243.49,844.64,1.2,None,0
11,Pen_D,14,Ross 308,Starter,Dry/Harmattan,Healthy,536,30.6,49.8,34.22,79.5,277.72,928.07,1.2,None,0
11,Pen_D,15,Ross 308,Grower,Dry/Harmattan,Mild Stress,536,27.4,60.2,55.76,125.04,333.47,928.07,1.2,None,0
11,Pen_D,16,Ross 308,Grower,Dry/Harmattan,Mild Stress,536,34.6,88.4,47.39,115.62,380.86,928.07,1.2,Poor ventilation,0
11,Pen_D,17,Ross 308,Grower,Dry/Harmattan,Healthy,536,28.5,52.8,62.09,127.44,442.95,1123.77,1.2,None,0
11,Pen_D,18,Ross 308,Grower,Dry/Harmattan,Healthy,536,27.8,50.7,64.19,149.27,507.14,1187.83,1.2,None,0
11,Pen_D,19,Ross 308,Grower,Dry/Harmattan,Mild Stress,536,27.4,59.4,58.12,124.5,565.26,1187.83,1.2,None,0
11,Pen_D,20,Ross 308,Grower,Dry/Harmattan,Healthy,536,28.8,50.5,67.11,148.49,632.37,1367.67,1.2,None,0
11,Pen_D,21,Ross 308,Grower,Dry/Harmattan,Recovering,536,27.5,56.0,26.39,58.67,658.76,1367.67,2.083,Disease symptoms,1
11,Pen_D,22,Ross 308,Grower,Dry/Harmattan,Healthy,536,29.8,48.2,92.7,214.7,751.46,1467.61,1.2,None,0
11,Pen_D,23,Ross 308,Grower,Dry/Harmattan,Healthy,536,30.5,61.6,91.8,212.23,843.27,1589.0,1.2,None,0
11,Pen_D,24,Ross 308,Grower,Dry/Harmattan,Healthy,536,27.5,54.7,93.61,206.73,936.87,1627.7,1.2,None,0
11,Pen_D,25,Ross 308,Grower,Dry/Harmattan,Mild Stress,536,36.5,92.5,67.65,178.6,1004.53,1627.7,1.2,Dirty/wet litter,0
11,Pen_D,26,Ross 308,Grower,Dry/Harmattan,Healthy,536,30.2,54.9,97.61,215.57,1102.14,1779.09,1.2,None,0
11,Pen_D,27,Ross 308,Grower,Dry/Harmattan,Healthy,536,29.6,48.3,92.28,216.72,1194.42,1938.99,1.2,None,0
11,Pen_D,28,Ross 308,Grower,Dry/Harmattan,Healthy,536,30.2,59.0,91.57,211.15,1285.99,1938.99,1.2,None,0
11,Pen_D,29,Ross 308,Finisher,Dry/Harmattan,Mild Stress,536,34.1,93.5,82.51,217.17,1368.5,1938.99,1.2,Dirty/wet litter,0
11,Pen_D,30,Ross 308,Finisher,Dry/Harmattan,Healthy,536,27.0,58.1,117.98,251.8,1486.48,2034.51,1.2,None,0
11,Pen_D,31,Ross 308,Finisher,Dry/Harmattan,Mild Stress,536,26.1,59.7,68.53,141.55,1555.01,2034.51,1.775,Low appetite,1
11,Pen_D,32,Ross 308,Finisher,Dry/Harmattan,Mild Stress,536,29.5,51.8,105.75,236.87,1660.77,2034.51,1.2,None,1
11,Pen_D,33,Ross 308,Finisher,Dry/Harmattan,Healthy,536,29.5,51.2,116.62,262.77,1777.39,2230.6,1.2,None,0
11,Pen_D,34,Ross 308,Finisher,Dry/Harmattan,Healthy,536,28.3,61.3,115.85,257.43,1893.24,2242.66,1.2,None,0
11,Pen_D,35,Ross 308,Finisher,Dry/Harmattan,Healthy,536,28.7,48.1,117.95,275.38,2011.19,2242.66,1.2,None,0
11,Pen_D,36,Ross 308,Finisher,Dry/Harmattan,Mild Stress,536,31.1,53.3,124.75,292.52,2135.93,2242.66,1.2,None,0
11,Pen_D,37,Ross 308,Finisher,Dry/Harmattan,Healthy,536,27.5,51.6,139.98,300.92,2275.92,2248.47,1.2,None,0
11,Pen_D,38,Ross 308,Finisher,Dry/Harmattan,Healthy,536,31.5,53.3,138.7,332.82,2414.62,2318.16,1.2,None,0
11,Pen_D,39,Ross 308,Finisher,Dry/Harmattan,Healthy,536,27.2,55.8,141.78,302.09,2556.4,2318.16,1.2,None,0
11,Pen_D,40,Ross 308,Finisher,Dry/Harmattan,Healthy,536,40.5,59.4,112.49,327.79,2668.89,2338.01,1.2,Heat stress,1
11,Pen_D,41,Ross 308,Finisher,Dry/Harmattan,Healthy,536,31.0,47.0,142.09,329.12,2810.98,2424.85,1.221,None,0
11,Pen_D,42,Ross 308,Finisher,Dry/Harmattan,Healthy,536,30.7,55.1,139.49,324.43,2950.47,2433.78,1.218,None,0
12,Pen_E,1,Ross 308,Starter,Dry/Harmattan,Post-Vaccination,685,36.0,53.5,9.74,21.0,9.74,283.93,1.2,None,0
12,Pen_E,2,Ross 308,Starter,Dry/Harmattan,Healthy,685,37.5,61.0,9.8,20.07,19.54,341.78,1.2,None,1
12,Pen_E,3,Ross 308,Starter,Dry/Harmattan,Healthy,685,38.0,55.1,10.78,36.54,30.32,385.21,1.2,None,0
12,Pen_E,4,Ross 308,Starter,Dry/Harmattan,Healthy,685,40.3,61.6,9.87,34.53,40.19,402.25,1.2,None,0
12,Pen_E,5,Ross 308,Starter,Dry/Harmattan,Post-Vaccination,685,38.7,50.7,7.61,20.0,47.8,408.7,1.2,Vaccination stress,1
12,Pen_E,6,Ross 308,Starter,Dry/Harmattan,Recovering,685,36.9,57.2,7.67,20.0,55.47,418.67,1.2,None,1
12,Pen_E,7,Ross 308,Starter,Dry/Harmattan,Healthy,685,40.1,58.1,10.03,29.78,65.5,536.03,1.2,None,0
12,Pen_E,8,Ross 308,Starter,Dry/Harmattan,Healthy,685,33.5,56.8,35.33,91.98,100.82,553.99,1.2,None,0
12,Pen_E,9,Ross 308,Starter,Dry/Harmattan,Mild Stress,685,37.4,58.1,20.32,54.56,121.14,553.99,2.017,Very poor weight gain,0
12,Pen_E,10,Ross 308,Starter,Dry/Harmattan,Healthy,685,37.0,52.6,30.24,69.08,151.38,678.96,1.2,None,1
12,Pen_E,11,Ross 308,Starter,Dry/Harmattan,Healthy,685,36.0,59.8,30.81,77.06,182.19,712.39,1.2,None,0
12,Pen_E,12,Ross 308,Starter,Dry/Harmattan,Healthy,685,39.1,56.3,24.11,74.26,206.29,779.01,1.2,None,1
12,Pen_E,13,Ross 308,Starter,Dry/Harmattan,Mild Stress,685,37.5,83.5,22.3,65.29,228.59,779.01,1.2,Dirty/wet litter,1
12,Pen_E,14,Ross 308,Starter,Dry/Harmattan,Mild Stress,685,37.3,92.8,21.94,59.83,250.53,804.25,1.2,Dirty/wet litter,0
12,Pen_E,15,Ross 308,Grower,Dry/Harmattan,Recovering,685,38.7,52.3,19.14,47.6,269.67,804.25,1.833,Disease symptoms,0
12,Pen_E,16,Ross 308,Grower,Dry/Harmattan,Mild Stress,685,37.9,89.0,38.33,108.89,308.0,925.88,1.2,Poor ventilation,0
12,Pen_E,17,Ross 308,Grower,Dry/Harmattan,Healthy,685,38.3,52.6,51.09,143.6,359.09,1088.36,1.2,None,0
12,Pen_E,18,Ross 308,Grower,Dry/Harmattan,Mild Stress,685,38.2,51.6,41.07,115.45,400.17,1127.6,1.2,None,1
12,Pen_E,19,Ross 308,Grower,Dry/Harmattan,Healthy,685,37.9,60.6,47.96,133.46,448.13,1283.16,1.2,None,0
12,Pen_E,20,Ross 308,Grower,Dry/Harmattan,Recovering,685,38.2,87.0,21.26,60.59,469.38,1283.16,1.871,Mouldy feed,1
12,Pen_E,21,Ross 308,Grower,Dry/Harmattan,Healthy,685,37.2,56.3,50.42,141.68,519.8,1407.42,1.2,None,0
12,Pen_E,22,Ross 308,Grower,Dry/Harmattan,Mild Stress,685,36.2,39.1,72.23,182.41,592.03,1415.9,1.2,None,0
12,Pen_E,23,Ross 308,Grower,Dry/Harmattan,Mild Stress,685,38.8,67.0,32.05,85.5,624.08,1415.9,2.208,Low appetite,1
12,Pen_E,24,Ross 308,Grower,Dry/Harmattan,Mild Stress,685,38.6,54.7,35.5,95.27,659.59,1415.9,1.566,Low appetite,1
12,Pen_E,25,Ross 308,Grower,Dry/Harmattan,Healthy,685,38.9,45.4,71.09,206.02,730.68,1690.04,1.2,None,0
12,Pen_E,26,Ross 308,Grower,Dry/Harmattan,Mild Stress,685,38.0,46.3,45.46,124.33,776.14,1690.04,1.579,Very poor weight gain,0
12,Pen_E,27,Ross 308,Grower,Dry/Harmattan,Healthy,685,37.5,54.2,72.03,201.45,848.16,1812.94,1.2,None,0
12,Pen_E,28,Ross 308,Grower,Dry/Harmattan,Recovering,685,36.2,58.0,61.98,172.2,910.14,1812.94,1.2,None,0
12,Pen_E,29,Ross 308,Finisher,Dry/Harmattan,Mild Stress,685,34.7,66.8,69.75,178.38,979.89,1812.94,2.295,Very poor weight gain,1
12,Pen_E,30,Ross 308,Finisher,Dry/Harmattan,Healthy,685,38.6,51.0,88.63,260.27,1068.53,2007.56,1.2,None,0
12,Pen_E,31,Ross 308,Finisher,Dry/Harmattan,Recovering,685,35.8,88.8,35.05,99.54,1103.58,2007.56,1.971,Mouldy feed,1
12,Pen_E,32,Ross 308,Finisher,Dry/Harmattan,Healthy,685,39.2,64.0,87.91,249.08,1191.49,2045.62,1.2,Heat stress,1
12,Pen_E,33,Ross 308,Finisher,Dry/Harmattan,Mild Stress,685,37.5,85.4,78.26,218.27,1269.74,2045.62,1.2,Dirty/wet litter,1
12,Pen_E,34,Ross 308,Finisher,Dry/Harmattan,Healthy,685,36.6,48.9,102.32,270.89,1372.06,2140.14,1.2,None,0
12,Pen_E,35,Ross 308,Finisher,Dry/Harmattan,Healthy,685,37.2,56.9,88.64,246.63,1460.7,2202.01,1.2,None,0
12,Pen_E,36,Ross 308,Finisher,Dry/Harmattan,Healthy,685,38.2,50.9,112.26,317.81,1572.96,2202.01,1.2,None,0
12,Pen_E,37,Ross 308,Finisher,Dry/Harmattan,Healthy,685,38.4,60.0,112.92,324.01,1685.88,2304.77,1.2,None,1
12,Pen_E,38,Ross 308,Finisher,Dry/Harmattan,Healthy,685,37.1,56.2,108.59,295.05,1794.47,2304.77,1.2,None,0
12,Pen_E,39,Ross 308,Finisher,Dry/Harmattan,Healthy,685,39.3,57.4,109.6,306.03,1904.07,2436.5,1.2,None,0
12,Pen_E,40,Ross 308,Finisher,Dry/Harmattan,Healthy,685,37.9,51.4,107.08,295.26,2011.15,2439.44,1.2,None,0
12,Pen_E,41,Ross 308,Finisher,Dry/Harmattan,Healthy,685,40.1,56.8,110.25,325.73,2121.4,2439.44,1.2,None,0
12,Pen_E,42,Ross 308,Finisher,Dry/Harmattan,Post-Vaccination,685,37.3,49.9,94.76,263.8,2216.15,2439.44,1.2,None,1
13,Pen_F,1,Cobb 500,Starter,Early Rainy,Healthy,577,35.3,79.6,9.32,20.0,9.32,304.08,1.2,None,0
13,Pen_F,2,Cobb 500,Starter,Early Rainy,Healthy,577,36.1,81.5,13.96,45.4,23.27,351.8,1.2,None,0
13,Pen_F,3,Cobb 500,Starter,Early Rainy,Healthy,577,31.7,86.9,18.79,39.34,42.07,392.02,1.2,Very high humidity,0
13,Pen_F,4,Cobb 500,Starter,Early Rainy,Post-Vaccination,577,33.5,88.9,9.07,20.0,51.14,392.02,1.2,Vaccination stress,1
13,Pen_F,5,Cobb 500,Starter,Early Rainy,Recovering,577,34.6,82.4,6.99,20.0,58.13,392.02,1.977,Disease symptoms,0
13,Pen_F,6,Cobb 500,Starter,Early Rainy,Recovering,577,29.9,90.2,10.59,23.24,68.73,448.89,1.2,None,0
13,Pen_F,7,Cobb 500,Starter,Early Rainy,Healthy,577,30.3,85.2,17.61,47.09,86.33,567.89,1.2,None,0
13,Pen_F,8,Cobb 500,Starter,Early Rainy,Post-Vaccination,577,34.1,82.7,26.91,68.72,113.24,567.89,1.2,None,0
13,Pen_F,9,Cobb 500,Starter,Early Rainy,Healthy,577,34.4,90.3,31.37,76.41,144.61,608.72,1.2,None,0
13,Pen_F,10,Cobb 500,Starter,Early Rainy,Healthy,577,29.9,79.9,36.52,85.28,181.13,716.09,1.2,None,0
13,Pen_F,11,Cobb 500,Starter,Early Rainy,Mild Stress,577,32.4,80.1,17.15,40.85,198.28,716.09,1.783,Low appetite,0
13,Pen_F,12,Cobb 500,Starter,Early Rainy,Healthy,577,34.3,83.3,32.92,81.65,231.2,787.58,1.2,None,0
13,Pen_F,13,Cobb 500,Starter,Early Rainy,Healthy,577,31.0,79.9,35.54,80.52,266.74,857.41,1.2,None,0
13,Pen_F,14,Cobb 500,Starter,Early Rainy,Healthy,577,34.6,85.0,28.68,83.68,295.42,983.58,1.2,None,0
13,Pen_F,15,Cobb 500,Grower,Early Rainy,Healthy,577,33.0,77.4,66.99,160.94,362.41,995.12,1.2,None,0
13,Pen_F,16,Cobb 500,Grower,Early Rainy,Mild Stress,577,35.9,79.4,49.91,125.05,412.31,995.12,1.2,None,0
13,Pen_F,17,Cobb 500,Grower,Early Rainy,Healthy,577,34.9,83.7,60.85,164.92,473.17,1164.49,1.2,None,0
13,Pen_F,18,Cobb 500,Grower,Early Rainy,Mild Stress,577,33.0,71.2,60.17,147.29,533.34,1164.49,1.2,None,0
13,Pen_F,19,Cobb 500,Grower,Early Rainy,Healthy,577,34.5,79.3,58.54,152.59,591.88,1275.62,1.2,None,0
13,Pen_F,20,Cobb 500,Grower,Early Rainy,Healthy,577,33.2,78.7,63.06,155.97,654.94,1416.82,1.2,None,0
13,Pen_F,21,Cobb 500,Grower,Early Rainy,Healthy,577,33.6,85.0,65.56,171.85,720.5,1424.17,1.2,None,0
13,Pen_F,22,Cobb 500,Grower,Early Rainy,Healthy,577,34.0,81.4,95.67,241.1,816.17,1532.2,1.2,None,0
13,Pen_F,23,Cobb 500,Grower,Early Rainy,Mild Stress,577,35.0,94.4,74.25,184.22,890.42,1532.2,1.2,Dirty/wet litter,1
13,Pen_F,24,Cobb 500,Grower,Early Rainy,Healthy,577,31.3,80.0,97.29,231.41,987.71,1587.54,1.2,None,0
13,Pen_F,25,Cobb 500,Grower,Early Rainy,Mild Stress,577,32.3,79.2,85.3,209.2,1073.01,1627.75,1.2,None,0
13,Pen_F,26,Cobb 500,Grower,Early Rainy,Healthy,577,30.0,85.5,94.88,215.73,1167.88,1836.68,1.2,None,0
13,Pen_F,27,Cobb 500,Grower,Early Rainy,Healthy,577,34.5,97.3,81.1,196.31,1248.98,1875.7,1.2,Very high humidity,1
13,Pen_F,28,Cobb 500,Grower,Early Rainy,Post-Vaccination,577,30.3,77.9,55.21,125.34,1304.19,1875.7,1.2,Vaccination stress,0
13,Pen_F,29,Cobb 500,Finisher,Early Rainy,Healthy,577,36.6,84.1,106.39,287.25,1410.58,2084.58,1.2,None,0
13,Pen_F,30,Cobb 500,Finisher,Early Rainy,Healthy,577,31.9,84.1,121.27,286.64,1531.85,2084.58,1.2,None,0
13,Pen_F,31,Cobb 500,Finisher,Early Rainy,Healthy,577,32.7,75.4,126.62,309.43,1658.46,2145.57,1.2,None,0
13,Pen_F,32,Cobb 500,Finisher,Early Rainy,Healthy,577,31.9,88.3,119.69,295.25,1778.15,2317.63,1.2,None,0
13,Pen_F,33,Cobb 500,Finisher,Early Rainy,Mild Stress,577,32.9,75.8,111.38,278.05,1889.53,2317.63,1.2,None,0
13,Pen_F,34,Cobb 500,Finisher,Early Rainy,Mild Stress,577,33.5,83.3,106.94,261.08,1996.47,2317.63,1.2,None,0
13,Pen_F,35,Cobb 500,Finisher,Early Rainy,Healthy,577,32.4,76.3,119.67,294.11,2116.13,2317.63,1.2,None,0
13,Pen_F,36,Cobb 500,Finisher,Early Rainy,Healthy,577,32.1,82.3,148.81,364.27,2264.95,2325.64,1.2,None,0
13,Pen_F,37,Cobb 500,Finisher,Early Rainy,Mild Stress,577,31.2,83.5,133.7,307.12,2398.65,2325.64,1.2,None,1
13,Pen_F,38,Cobb 500,Finisher,Early Rainy,Mild Stress,577,34.1,74.6,122.15,317.55,2520.8,2325.64,1.2,None,0
13,Pen_F,39,Cobb 500,Finisher,Early Rainy,Healthy,577,32.0,89.6,147.31,351.73,2668.11,2515.72,1.2,Very high humidity,0
13,Pen_F,40,Cobb 500,Finisher,Early Rainy,Healthy,577,31.8,79.2,146.55,359.19,2814.67,2515.72,1.2,None,0
13,Pen_F,41,Cobb 500,Finisher,Early Rainy,Recovering,577,32.8,88.7,110.13,272.11,2924.8,2515.72,1.214,Very high humidity,1
13,Pen_F,42,Cobb 500,Finisher,Early Rainy,Healthy,577,40.8,77.2,117.07,350.4,3041.87,2614.74,1.2,Heat stress,0
14,Pen_G,1,Marshall,Starter,Dry/Harmattan,Post-Vaccination,916,27.3,56.6,11.27,28.37,11.27,272.71,1.2,None,0
14,Pen_G,2,Marshall,Starter,Dry/Harmattan,Post-Vaccination,916,28.2,55.8,16.56,38.45,27.83,327.84,1.2,None,0
14,Pen_G,3,Marshall,Starter,Dry/Harmattan,Mild Stress,916,34.8,84.3,10.14,23.81,37.97,343.58,1.2,Poor ventilation,0
14,Pen_G,4,Marshall,Starter,Dry/Harmattan,Recovering,916,30.8,50.4,11.45,31.39,49.42,369.3,1.2,None,0
14,Pen_G,5,Marshall,Starter,Dry/Harmattan,Recovering,916,28.6,53.4,8.03,20.4,57.45,369.3,1.2,High deaths,0
14,Pen_G,6,Marshall,Starter,Dry/Harmattan,Healthy,916,27.2,56.3,14.56,38.04,72.02,487.86,1.2,None,0
14,Pen_G,7,Marshall,Starter,Dry/Harmattan,Mild Stress,916,29.4,58.3,14.33,32.66,86.35,520.36,1.2,None,0
14,Pen_G,8,Marshall,Starter,Dry/Harmattan,Recovering,916,41.6,50.6,19.43,60.04,105.78,520.36,1.2,Heat stress,0
14,Pen_G,9,Marshall,Starter,Dry/Harmattan,Healthy,916,28.6,48.5,31.85,71.35,137.63,609.05,1.2,None,0
14,Pen_G,10,Marshall,Starter,Dry/Harmattan,Recovering,916,27.0,59.0,24.68,48.29,162.3,609.05,1.2,None,0
14,Pen_G,11,Marshall,Starter,Dry/Harmattan,Post-Vaccination,916,29.6,48.7,26.56,66.2,188.86,656.65,1.2,None,0
14,Pen_G,12,Marshall,Starter,Dry/Harmattan,Mild Stress,916,28.4,52.4,31.68,64.5,220.54,721.74,1.2,None,0
14,Pen_G,13,Marshall,Starter,Dry/Harmattan,Healthy,916,27.7,53.0,35.1,79.11,255.65,850.49,1.2,None,0
14,Pen_G,14,Marshall,Starter,Dry/Harmattan,Healthy,916,28.0,46.1,30.62,68.53,286.27,940.72,1.2,None,0
14,Pen_G,15,Marshall,Grower,Dry/Harmattan,Healthy,916,28.1,50.2,63.26,147.11,349.53,947.71,1.2,None,0
14,Pen_G,16,Marshall,Grower,Dry/Harmattan,Mild Stress,916,33.8,87.4,53.45,134.85,402.98,947.71,1.2,Poor ventilation,0
14,Pen_G,17,Marshall,Grower,Dry/Harmattan,Healthy,916,27.9,60.3,61.43,131.72,464.41,1101.62,1.2,None,0
14,Pen_G,18,Marshall,Grower,Dry/Harmattan,Healthy,916,37.0,54.0,48.77,129.24,513.17,1202.28,1.2,Heat stress,0
14,Pen_G,19,Marshall,Grower,Dry/Harmattan,Recovering,916,31.8,51.4,47.62,119.58,560.79,1202.28,1.2,None,0
14,Pen_G,20,Marshall,Grower,Dry/Harmattan,Post-Vaccination,916,27.8,53.2,38.01,72.31,598.8,1208.54,1.2,Vaccination stress,0
14,Pen_G,21,Marshall,Grower,Dry/Harmattan,Healthy,916,28.8,97.1,58.0,121.63,656.8,1412.6,1.2,Very high humidity,1
14,Pen_G,22,Marshall,Grower,Dry/Harmattan,Recovering,916,31.3,50.0,34.41,76.16,691.21,1412.6,1.2,High deaths,0
14,Pen_G,23,Marshall,Grower,Dry/Harmattan,Post-Vaccination,916,28.8,56.7,59.06,130.71,750.28,1412.6,1.2,Vaccination stress,0
14,Pen_G,24,Marshall,Grower,Dry/Harmattan,Healthy,916,28.2,58.9,92.46,195.11,842.74,1582.19,1.2,None,0
14,Pen_G,25,Marshall,Grower,Dry/Harmattan,Healthy,916,40.5,58.2,70.27,211.18,913.01,1593.6,1.2,Heat stress,0
14,Pen_G,26,Marshall,Grower,Dry/Harmattan,Mild Stress,916,27.6,54.9,82.02,177.86,995.03,1615.11,1.2,None,0
14,Pen_G,27,Marshall,Grower,Dry/Harmattan,Recovering,916,38.0,85.4,26.76,72.59,1021.79,1615.11,1.575,Mouldy feed,1
14,Pen_G,28,Marshall,Grower,Dry/Harmattan,Mild Stress,916,29.1,56.0,80.07,174.13,1101.86,1744.67,1.2,None,0
14,Pen_G,29,Marshall,Finisher,Dry/Harmattan,Healthy,916,28.9,45.1,114.99,260.48,1216.85,1899.09,1.2,None,0
14,Pen_G,30,Marshall,Finisher,Dry/Harmattan,Healthy,916,29.8,52.4,112.68,265.54,1329.53,1977.51,1.2,None,0
14,Pen_G,31,Marshall,Finisher,Dry/Harmattan,Healthy,916,29.3,54.1,111.41,252.58,1440.94,2012.68,1.2,None,0
14,Pen_G,32,Marshall,Finisher,Dry/Harmattan,Healthy,916,30.1,60.9,112.85,267.7,1553.79,2077.88,1.2,None,0
14,Pen_G,33,Marshall,Finisher,Dry/Harmattan,Healthy,916,28.8,52.6,112.41,256.68,1666.2,2077.88,1.2,None,0
14,Pen_G,34,Marshall,Finisher,Dry/Harmattan,Mild Stress,916,34.7,92.2,86.41,228.61,1752.61,2077.88,1.2,Dirty/wet litter,1
14,Pen_G,35,Marshall,Finisher,Dry/Harmattan,Mild Stress,916,31.2,51.6,66.25,157.23,1818.86,2077.88,1.857,Low appetite,0
14,Pen_G,36,Marshall,Finisher,Dry/Harmattan,Healthy,916,26.5,61.7,140.11,275.53,1958.97,2357.39,1.2,None,0
14,Pen_G,37,Marshall,Finisher,Dry/Harmattan,Mild Stress,916,27.5,55.6,122.07,262.81,2081.05,2357.39,1.2,None,0
14,Pen_G,38,Marshall,Finisher,Dry/Harmattan,Recovering,916,38.1,87.9,38.12,106.49,2119.16,2357.39,1.879,Mouldy feed,1
14,Pen_G,39,Marshall,Finisher,Dry/Harmattan,Healthy,916,30.1,52.9,133.97,309.26,2253.13,2388.69,1.2,None,0
14,Pen_G,40,Marshall,Finisher,Dry/Harmattan,Post-Vaccination,916,30.6,56.5,95.63,218.22,2348.75,2388.69,1.2,Vaccination stress,1
14,Pen_G,41,Marshall,Finisher,Dry/Harmattan,Recovering,916,37.5,93.4,41.79,123.66,2390.55,2388.69,1.742,Mouldy feed,1
14,Pen_G,42,Marshall,Finisher,Dry/Harmattan,Healthy,916,28.7,43.0,138.02,306.58,2528.57,2412.66,1.2,None,0
15,Pen_H,1,Cobb 500,Starter,Dry/Harmattan,Healthy,359,35.0,55.7,13.32,35.91,13.32,333.1,1.2,None,0
15,Pen_H,2,Cobb 500,Starter,Dry/Harmattan,Post-Vaccination,359,32.7,58.4,11.28,36.65,24.59,333.1,1.2,None,0
15,Pen_H,3,Cobb 500,Starter,Dry/Harmattan,Mild Stress,359,36.0,54.6,8.99,20.0,33.58,373.32,1.2,None,1
15,Pen_H,4,Cobb 500,Starter,Dry/Harmattan,Post-Vaccination,359,31.9,52.5,10.35,26.71,43.93,383.4,1.2,Vaccination stress,1
15,Pen_H,5,Cobb 500,Starter,Dry/Harmattan,Healthy,359,35.1,57.5,10.52,31.23,54.45,461.12,1.2,None,0
15,Pen_H,6,Cobb 500,Starter,Dry/Harmattan,Post-Vaccination,359,35.7,49.2,5.86,20.0,60.31,461.12,1.2,Vaccination stress,0
15,Pen_H,7,Cobb 500,Starter,Dry/Harmattan,Healthy,359,38.7,58.9,12.12,30.01,72.43,548.44,1.2,None,0
15,Pen_H,8,Cobb 500,Starter,Dry/Harmattan,Recovering,359,33.9,63.0,17.13,40.22,89.56,548.44,1.2,High deaths,1
15,Pen_H,9,Cobb 500,Starter,Dry/Harmattan,Mild Stress,359,34.1,50.5,18.77,47.8,108.34,548.44,2.181,Very poor weight gain,0
15,Pen_H,10,Cobb 500,Starter,Dry/Harmattan,Healthy,359,36.5,53.4,33.33,99.91,141.66,670.87,1.2,None,0
15,Pen_H,11,Cobb 500,Starter,Dry/Harmattan,Healthy,359,34.0,60.3,34.7,88.74,176.37,728.21,1.2,None,0
15,Pen_H,12,Cobb 500,Starter,Dry/Harmattan,Healthy,359,34.8,54.0,26.83,70.28,203.2,797.95,1.2,None,0
15,Pen_H,13,Cobb 500,Starter,Dry/Harmattan,Healthy,359,34.2,52.0,28.7,67.9,231.89,936.62,1.2,None,0
15,Pen_H,14,Cobb 500,Starter,Dry/Harmattan,Healthy,359,38.2,56.0,27.91,75.26,259.8,974.26,1.2,None,0
15,Pen_H,15,Cobb 500,Grower,Dry/Harmattan,Mild Stress,359,35.7,61.1,51.57,134.83,311.37,974.26,1.2,None,0
15,Pen_H,16,Cobb 500,Grower,Dry/Harmattan,Healthy,359,36.3,58.1,56.2,155.47,367.57,1083.57,1.2,None,0
15,Pen_H,17,Cobb 500,Grower,Dry/Harmattan,Post-Vaccination,359,35.2,52.3,48.35,126.9,415.91,1083.57,1.2,None,0
15,Pen_H,18,Cobb 500,Grower,Dry/Harmattan,Mild Stress,359,35.8,55.5,49.2,124.82,465.11,1185.6,1.2,None,1
15,Pen_H,19,Cobb 500,Grower,Dry/Harmattan,Healthy,359,36.8,57.2,56.62,154.48,521.73,1305.76,1.2,None,0
15,Pen_H,20,Cobb 500,Grower,Dry/Harmattan,Mild Stress,359,39.8,54.6,45.05,120.72,566.77,1305.76,1.2,Heat stress,0
15,Pen_H,21,Cobb 500,Grower,Dry/Harmattan,Recovering,359,37.3,95.3,21.81,64.69,588.59,1305.76,1.689,Mouldy feed,1
15,Pen_H,22,Cobb 500,Grower,Dry/Harmattan,Healthy,359,32.5,54.2,96.36,231.19,684.95,1537.75,1.2,None,0
15,Pen_H,23,Cobb 500,Grower,Dry/Harmattan,Mild Stress,359,34.2,59.7,71.78,181.27,756.72,1537.75,1.2,None,1
15,Pen_H,24,Cobb 500,Grower,Dry/Harmattan,Healthy,359,34.8,55.0,84.16,215.95,840.88,1682.61,1.2,None,0
15,Pen_H,25,Cobb 500,Grower,Dry/Harmattan,Recovering,359,33.3,53.8,72.17,194.05,913.05,1682.61,1.2,None,0
15,Pen_H,26,Cobb 500,Grower,Dry/Harmattan,Healthy,359,36.9,49.2,84.21,234.74,997.26,1741.39,1.2,None,0
15,Pen_H,27,Cobb 500,Grower,Dry/Harmattan,Healthy,359,37.1,52.6,73.02,201.72,1070.29,1899.45,1.2,None,0
15,Pen_H,28,Cobb 500,Grower,Dry/Harmattan,Recovering,359,38.1,58.1,32.74,86.06,1103.03,1899.45,2.056,Disease symptoms,1
15,Pen_H,29,Cobb 500,Finisher,Dry/Harmattan,Healthy,359,34.4,55.2,106.33,266.78,1209.36,2030.49,1.2,None,0
15,Pen_H,30,Cobb 500,Finisher,Dry/Harmattan,Healthy,359,35.2,58.2,106.27,274.48,1315.63,2030.49,1.2,None,0
15,Pen_H,31,Cobb 500,Finisher,Dry/Harmattan,Post-Vaccination,359,35.5,61.2,71.21,188.59,1386.84,2030.49,1.2,Vaccination stress,0
15,Pen_H,32,Cobb 500,Finisher,Dry/Harmattan,Healthy,359,34.1,62.4,103.48,263.79,1490.32,2154.02,1.2,None,0
15,Pen_H,33,Cobb 500,Finisher,Dry/Harmattan,Recovering,359,35.9,49.7,79.79,218.09,1570.11,2154.02,1.2,None,1
15,Pen_H,34,Cobb 500,Finisher,Dry/Harmattan,Healthy,359,37.2,58.5,93.7,258.67,1663.81,2327.94,1.2,None,0
15,Pen_H,35,Cobb 500,Finisher,Dry/Harmattan,Post-Vaccination,359,35.1,55.5,60.77,151.65,1724.58,2327.94,1.2,Vaccination stress,0
15,Pen_H,36,Cobb 500,Finisher,Dry/Harmattan,Healthy,359,37.4,51.5,112.97,313.05,1837.54,2395.46,1.2,None,0
15,Pen_H,37,Cobb 500,Finisher,Dry/Harmattan,Healthy,359,35.7,58.6,125.47,335.68,1963.01,2395.46,1.2,None,0
15,Pen_H,38,Cobb 500,Finisher,Dry/Harmattan,Recovering,359,38.0,57.3,42.59,113.48,2005.6,2395.46,1.2,High deaths,1
15,Pen_H,39,Cobb 500,Finisher,Dry/Harmattan,Recovering,359,35.6,82.4,44.93,110.7,2050.53,2395.46,1.604,Mouldy feed,0
15,Pen_H,40,Cobb 500,Finisher,Dry/Harmattan,Mild Stress,359,36.2,50.2,69.98,183.78,2120.51,2395.46,1.897,Very poor weight gain,0
15,Pen_H,41,Cobb 500,Finisher,Dry/Harmattan,Healthy,359,33.3,96.5,136.68,342.68,2257.19,2503.76,1.2,Very high humidity,0
15,Pen_H,42,Cobb 500,Finisher,Dry/Harmattan,Recovering,359,34.7,86.2,94.16,247.39,2351.34,2503.76,1.2,Very high humidity,0
16,Pen_A,1,Ross 308,Starter,Dry/Harmattan,Post-Vaccination,317,37.9,96.4,11.82,37.82,11.82,284.1,1.2,Very high humidity,1
16,Pen_A,2,Ross 308,Starter,Dry/Harmattan,Recovering,317,36.3,58.9,11.48,34.23,23.3,290.8,1.2,None,0
16,Pen_A,3,Ross 308,Starter,Dry/Harmattan,Healthy,317,34.8,59.4,10.78,26.37,34.08,367.16,1.2,None,0
16,Pen_A,4,Ross 308,Starter,Dry/Harmattan,Post-Vaccination,317,34.7,51.6,12.19,29.64,46.27,380.19,1.2,None,0
16,Pen_A,5,Ross 308,Starter,Dry/Harmattan,Mild Stress,317,36.0,51.0,15.45,33.48,61.72,426.38,1.2,None,0
16,Pen_A,6,Ross 308,Starter,Dry/Harmattan,Healthy,317,37.8,50.4,11.62,24.49,73.34,515.21,1.2,Heat stress,0
16,Pen_A,7,Ross 308,Starter,Dry/Harmattan,Recovering,317,38.6,54.2,10.27,26.94,83.61,515.21,1.2,None,0
16,Pen_A,8,Ross 308,Starter,Dry/Harmattan,Recovering,317,36.8,61.2,12.0,35.35,95.61,515.21,1.2,High deaths,0
16,Pen_A,9,Ross 308,Starter,Dry/Harmattan,Recovering,317,37.4,50.8,10.03,22.58,105.64,515.21,2.211,Disease symptoms,1
16,Pen_A,10,Ross 308,Starter,Dry/Harmattan,Mild Stress,317,36.1,49.5,19.46,45.8,125.09,523.91,1.584,Very poor weight gain,1
16,Pen_A,11,Ross 308,Starter,Dry/Harmattan,Healthy,317,38.4,55.6,25.45,66.71,150.54,734.77,1.2,None,0
16,Pen_A,12,Ross 308,Starter,Dry/Harmattan,Post-Vaccination,317,36.4,54.1,22.27,50.91,172.81,734.77,1.2,Vaccination stress,0
16,Pen_A,13,Ross 308,Starter,Dry/Harmattan,Healthy,317,38.0,58.8,26.28,70.01,199.09,846.93,1.2,None,1
16,Pen_A,14,Ross 308,Starter,Dry/Harmattan,Healthy,317,38.7,59.4,28.38,87.74,227.47,960.99,1.2,None,0
16,Pen_A,15,Ross 308,Grower,Dry/Harmattan,Post-Vaccination,317,36.7,50.3,47.01,119.81,274.49,960.99,1.2,None,1
16,Pen_A,16,Ross 308,Grower,Dry/Harmattan,Post-Vaccination,317,35.6,60.9,46.99,119.7,321.47,960.99,1.2,None,0
16,Pen_A,17,Ross 308,Grower,Dry/Harmattan,Healthy,317,37.0,52.0,48.22,137.79,369.69,1095.39,1.2,None,0
16,Pen_A,18,Ross 308,Grower,Dry/Harmattan,Recovering,317,37.8,97.0,36.18,100.86,405.87,1095.39,1.2,Very high humidity,1
16,Pen_A,19,Ross 308,Grower,Dry/Harmattan,Mild Stress,317,36.9,94.9,44.32,123.84,450.19,1095.39,1.2,Poor ventilation,1
16,Pen_A,20,Ross 308,Grower,Dry/Harmattan,Mild Stress,317,36.6,62.3,50.79,132.26,500.98,1290.64,1.2,None,0
16,Pen_A,21,Ross 308,Grower,Dry/Harmattan,Healthy,317,38.1,58.7,47.34,127.55,548.31,1453.15,1.2,Heat stress,1
16,Pen_A,22,Ross 308,Grower,Dry/Harmattan,Healthy,317,37.3,51.8,73.64,189.48,621.95,1478.01,1.2,None,0
16,Pen_A,23,Ross 308,Grower,Dry/Harmattan,Mild Stress,317,35.7,94.5,66.77,174.65,688.72,1478.01,1.2,Dirty/wet litter,1
16,Pen_A,24,Ross 308,Grower,Dry/Harmattan,Healthy,317,36.1,60.6,80.12,214.08,768.84,1597.55,1.2,None,0
16,Pen_A,25,Ross 308,Grower,Dry/Harmattan,Post-Vaccination,317,37.1,54.8,60.17,161.23,829.01,1615.12,1.2,None,1
16,Pen_A,26,Ross 308,Grower,Dry/Harmattan,Healthy,317,38.4,58.1,69.46,189.5,898.47,1718.27,1.2,None,0
16,Pen_A,27,Ross 308,Grower,Dry/Harmattan,Mild Stress,317,35.7,88.3,72.05,193.83,970.53,1718.27,1.2,Poor ventilation,0
16,Pen_A,28,Ross 308,Grower,Dry/Harmattan,Healthy,317,36.5,43.5,80.27,212.78,1050.8,1865.53,1.2,None,0
16,Pen_A,29,Ross 308,Finisher,Dry/Harmattan,Post-Vaccination,317,40.1,48.1,78.91,221.95,1129.71,1865.53,1.2,None,0
16,Pen_A,30,Ross 308,Finisher,Dry/Harmattan,Mild Stress,317,36.1,54.4,89.56,238.83,1219.27,1891.9,1.2,None,0
16,Pen_A,31,Ross 308,Finisher,Dry/Harmattan,Healthy,317,35.5,63.6,100.52,257.72,1319.79,2091.28,1.2,None,0
16,Pen_A,32,Ross 308,Finisher,Dry/Harmattan,Healthy,317,37.4,50.9,92.17,253.41,1411.96,2091.28,1.2,None,0
16,Pen_A,33,Ross 308,Finisher,Dry/Harmattan,Post-Vaccination,317,36.7,51.8,83.37,221.81,1495.33,2091.28,1.2,None,0
16,Pen_A,34,Ross 308,Finisher,Dry/Harmattan,Healthy,317,37.7,53.9,91.15,247.22,1586.49,2099.21,1.2,None,0
16,Pen_A,35,Ross 308,Finisher,Dry/Harmattan,Healthy,317,36.6,49.9,99.36,266.22,1685.85,2162.26,1.2,None,0
16,Pen_A,36,Ross 308,Finisher,Dry/Harmattan,Recovering,317,35.2,57.8,68.02,181.39,1753.87,2162.26,1.551,Disease symptoms,1
16,Pen_A,37,Ross 308,Finisher,Dry/Harmattan,Healthy,317,36.9,56.3,121.17,330.93,1875.03,2222.0,1.2,None,0
16,Pen_A,38,Ross 308,Finisher,Dry/Harmattan,Healthy,317,37.6,62.5,113.24,307.72,1988.27,2378.55,1.2,None,0
16,Pen_A,39,Ross 308,Finisher,Dry/Harmattan,Recovering,317,36.8,58.3,94.87,253.84,2083.13,2378.55,1.2,None,0
16,Pen_A,40,Ross 308,Finisher,Dry/Harmattan,Healthy,317,36.2,51.7,124.23,321.96,2207.37,2378.55,1.2,None,0
16,Pen_A,41,Ross 308,Finisher,Dry/Harmattan,Mild Stress,317,38.4,90.8,88.99,242.43,2296.36,2378.55,1.2,Poor ventilation,0
16,Pen_A,42,Ross 308,Finisher,Dry/Harmattan,Healthy,317,38.5,53.7,109.69,304.86,2406.05,2468.99,1.2,None,1
17,Pen_B,1,Noiler,Starter,Peak Rainy,Healthy,746,30.8,79.6,13.36,33.61,13.36,273.7,1.2,None,0
17,Pen_B,2,Noiler,Starter,Peak Rainy,Recovering,746,28.0,76.9,7.94,20.62,21.3,273.7,1.2,High deaths,0
17,Pen_B,3,Noiler,Starter,Peak Rainy,Healthy,746,30.9,78.4,15.96,40.9,37.26,320.3,1.2,None,0
17,Pen_B,4,Noiler,Starter,Peak Rainy,Healthy,746,26.4,80.4,16.28,40.18,53.54,359.35,1.2,None,0
17,Pen_B,5,Noiler,Starter,Peak Rainy,Healthy,746,28.5,83.3,14.36,35.16,67.9,370.46,1.2,None,0
17,Pen_B,6,Noiler,Starter,Peak Rainy,Healthy,746,30.1,80.6,12.8,24.36,80.71,413.95,1.2,None,0
17,Pen_B,7,Noiler,Starter,Peak Rainy,Mild Stress,746,24.3,95.4,8.88,20.0,89.59,439.48,1.2,Very high humidity,0
17,Pen_B,8,Noiler,Starter,Peak Rainy,Healthy,746,28.7,77.4,31.8,65.66,121.39,490.21,1.2,None,0
17,Pen_B,9,Noiler,Starter,Peak Rainy,Healthy,746,28.3,81.2,33.21,80.8,154.6,490.21,1.2,None,0
17,Pen_B,10,Noiler,Starter,Peak Rainy,Healthy,746,25.7,73.8,28.15,54.49,182.75,591.55,1.2,None,0
17,Pen_B,11,Noiler,Starter,Peak Rainy,Healthy,746,26.8,80.3,30.31,63.93,213.06,633.55,1.2,None,0
17,Pen_B,12,Noiler,Starter,Peak Rainy,Healthy,746,29.1,76.0,32.98,85.01,246.04,694.74,1.2,None,0
17,Pen_B,13,Noiler,Starter,Peak Rainy,Healthy,746,29.9,80.0,26.77,53.35,272.82,769.48,1.2,None,0
17,Pen_B,14,Noiler,Starter,Peak Rainy,Healthy,746,27.1,79.3,32.05,70.41,304.87,822.39,1.2,None,0
17,Pen_B,15,Noiler,Grower,Peak Rainy,Mild Stress,746,27.7,78.2,32.81,70.76,337.68,822.39,2.031,Very poor weight gain,0
17,Pen_B,16,Noiler,Grower,Peak Rainy,Mild Stress,746,35.8,85.6,43.52,119.31,381.2,822.39,1.2,Poor ventilation,0
17,Pen_B,17,Noiler,Grower,Peak Rainy,Mild Stress,746,27.6,83.2,53.0,118.1,434.2,859.89,1.2,None,0
17,Pen_B,18,Noiler,Grower,Peak Rainy,Post-Vaccination,746,30.1,72.2,51.02,127.82,485.22,923.78,1.2,None,0
17,Pen_B,19,Noiler,Grower,Peak Rainy,Mild Stress,746,34.1,87.9,45.59,116.3,530.81,923.78,1.2,Dirty/wet litter,0
17,Pen_B,20,Noiler,Grower,Peak Rainy,Healthy,746,27.3,73.8,59.43,128.0,590.24,1164.02,1.2,None,0
17,Pen_B,21,Noiler,Grower,Peak Rainy,Healthy,746,28.3,81.2,57.53,120.86,647.77,1229.82,1.2,None,0
17,Pen_B,22,Noiler,Grower,Peak Rainy,Mild Stress,746,36.3,93.1,68.26,175.77,716.04,1229.82,1.2,Poor ventilation,0
17,Pen_B,23,Noiler,Grower,Peak Rainy,Mild Stress,746,30.9,81.4,49.92,122.51,765.96,1229.82,2.056,Low appetite,0
17,Pen_B,24,Noiler,Grower,Peak Rainy,Mild Stress,746,29.3,67.5,75.9,167.74,841.86,1229.82,1.2,None,0
17,Pen_B,25,Noiler,Grower,Peak Rainy,Healthy,746,28.1,81.0,85.75,188.95,927.61,1439.55,1.2,None,0
17,Pen_B,26,Noiler,Grower,Peak Rainy,Healthy,746,26.2,78.0,82.27,168.38,1009.88,1448.0,1.2,None,0
17,Pen_B,27,Noiler,Grower,Peak Rainy,Healthy,746,28.0,74.9,87.91,193.7,1097.79,1507.38,1.2,None,0
17,Pen_B,28,Noiler,Grower,Peak Rainy,Healthy,746,29.3,82.5,85.95,193.98,1183.74,1616.02,1.2,None,0
17,Pen_B,29,Noiler,Finisher,Peak Rainy,Healthy,746,31.3,92.4,107.26,252.19,1291.0,1639.61,1.2,None,0
17,Pen_B,30,Noiler,Finisher,Peak Rainy,Post-Vaccination,746,31.3,75.9,65.0,152.68,1356.0,1639.61,1.2,Vaccination stress,0
17,Pen_B,31,Noiler,Finisher,Peak Rainy,Mild Stress,746,28.8,73.3,98.49,217.26,1454.48,1639.61,1.2,None,0
17,Pen_B,32,Noiler,Finisher,Peak Rainy,Healthy,746,27.1,83.4,102.71,221.27,1557.19,1737.19,1.2,None,0
17,Pen_B,33,Noiler,Finisher,Peak Rainy,Healthy,746,30.5,81.9,104.57,252.18,1661.77,1770.01,1.2,None,0
17,Pen_B,34,Noiler,Finisher,Peak Rainy,Mild Stress,746,27.8,77.1,66.9,146.11,1728.67,1770.01,1.667,Very poor weight gain,0
17,Pen_B,35,Noiler,Finisher,Peak Rainy,Healthy,746,28.1,79.6,111.22,245.73,1839.88,1987.53,1.2,None,0
17,Pen_B,36,Noiler,Finisher,Peak Rainy,Healthy,746,26.5,79.9,127.69,276.24,1967.58,1987.53,1.2,None,0
17,Pen_B,37,Noiler,Finisher,Peak Rainy,Recovering,746,30.2,71.1,51.46,123.04,2019.04,1987.53,1.2,High deaths,1
17,Pen_B,38,Noiler,Finisher,Peak Rainy,Healthy,746,29.4,80.5,134.26,300.49,2153.29,1987.53,1.2,None,0
17,Pen_B,39,Noiler,Finisher,Peak Rainy,Healthy,746,28.8,88.5,127.71,278.34,2281.0,2030.57,1.2,None,0
17,Pen_B,40,Noiler,Finisher,Peak Rainy,Healthy,746,28.9,86.0,126.95,279.64,2407.96,2080.75,1.235,None,0
17,Pen_B,41,Noiler,Finisher,Peak Rainy,Healthy,746,29.4,83.3,126.86,284.33,2534.81,2080.75,1.2,None,0
17,Pen_B,42,Noiler,Finisher,Peak Rainy,Recovering,746,29.1,79.8,57.9,126.52,2592.71,2080.75,2.0,Disease symptoms,1
18,Pen_C,1,Marshall,Starter,Dry/Harmattan,Mild Stress,878,36.2,58.1,10.4,21.33,10.4,291.14,1.2,None,0
18,Pen_C,2,Marshall,Starter,Dry/Harmattan,Mild Stress,878,36.5,56.6,9.6,26.56,20.0,304.12,1.2,None,1
18,Pen_C,3,Marshall,Starter,Dry/Harmattan,Post-Vaccination,878,36.5,51.4,5.21,20.0,25.2,339.6,1.2,Vaccination stress,1
18,Pen_C,4,Marshall,Starter,Dry/Harmattan,Recovering,878,35.9,52.5,5.0,20.0,30.2,339.6,2.273,Disease symptoms,1
18,Pen_C,5,Marshall,Starter,Dry/Harmattan,Healthy,878,35.3,49.4,5.15,20.0,35.35,428.24,1.2,None,0
18,Pen_C,6,Marshall,Starter,Dry/Harmattan,Mild Stress,878,37.6,49.3,8.16,22.86,43.51,432.02,1.2,None,0
18,Pen_C,7,Marshall,Starter,Dry/Harmattan,Healthy,878,35.1,59.3,10.98,27.4,54.49,531.46,1.2,None,0
18,Pen_C,8,Marshall,Starter,Dry/Harmattan,Healthy,878,38.8,89.9,22.73,61.09,77.22,531.46,1.2,Very high humidity,0
18,Pen_C,9,Marshall,Starter,Dry/Harmattan,Healthy,878,37.3,52.0,28.17,75.45,105.39,600.07,1.2,None,1
18,Pen_C,10,Marshall,Starter,Dry/Harmattan,Healthy,878,37.6,57.7,24.98,78.62,130.36,651.79,1.2,None,1
18,Pen_C,11,Marshall,Starter,Dry/Harmattan,Mild Stress,878,36.0,56.2,17.83,50.08,148.2,651.79,1.701,Low appetite,0
18,Pen_C,12,Marshall,Starter,Dry/Harmattan,Healthy,878,39.4,59.4,23.59,65.42,171.79,774.75,1.2,None,0
18,Pen_C,13,Marshall,Starter,Dry/Harmattan,Healthy,878,37.5,59.2,22.07,54.57,193.86,802.85,1.2,None,1
18,Pen_C,14,Marshall,Starter,Dry/Harmattan,Healthy,878,38.5,47.0,21.91,56.77,215.77,907.76,1.2,None,1
18,Pen_C,15,Marshall,Grower,Dry/Harmattan,Healthy,878,38.9,55.5,45.5,132.33,261.27,930.94,1.2,None,1
18,Pen_C,16,Marshall,Grower,Dry/Harmattan,Healthy,878,38.0,60.0,50.39,138.57,311.65,1019.39,1.2,None,0
18,Pen_C,17,Marshall,Grower,Dry/Harmattan,Healthy,878,37.1,53.9,46.11,122.05,357.76,1127.09,1.2,None,0
18,Pen_C,18,Marshall,Grower,Dry/Harmattan,Mild Stress,878,38.0,47.4,20.98,63.61,378.74,1127.09,2.19,Low appetite,1
18,Pen_C,19,Marshall,Grower,Dry/Harmattan,Healthy,878,36.9,54.9,56.31,160.9,435.05,1289.22,1.2,None,1
18,Pen_C,20,Marshall,Grower,Dry/Harmattan,Recovering,878,35.1,51.6,27.63,67.98,462.67,1289.22,1.2,High deaths,0
18,Pen_C,21,Marshall,Grower,Dry/Harmattan,Healthy,878,35.0,61.9,55.34,148.36,518.02,1413.51,1.2,None,0
18,Pen_C,22,Marshall,Grower,Dry/Harmattan,Healthy,878,40.4,59.8,72.4,206.24,590.42,1413.51,1.2,None,0
18,Pen_C,23,Marshall,Grower,Dry/Harmattan,Healthy,878,33.7,58.9,90.88,233.26,681.3,1485.13,1.2,None,0
18,Pen_C,24,Marshall,Grower,Dry/Harmattan,Healthy,878,37.5,53.9,67.21,188.17,748.51,1610.65,1.2,None,1
18,Pen_C,25,Marshall,Grower,Dry/Harmattan,Healthy,878,39.4,55.2,68.48,196.38,816.99,1611.46,1.2,None,0
18,Pen_C,26,Marshall,Grower,Dry/Harmattan,Healthy,878,39.9,58.3,66.72,188.49,883.71,1636.48,1.2,None,0
18,Pen_C,27,Marshall,Grower,Dry/Harmattan,Recovering,878,37.6,54.9,53.55,140.66,937.26,1636.48,1.2,None,0
18,Pen_C,28,Marshall,Grower,Dry/Harmattan,Recovering,878,38.3,46.6,56.1,159.83,993.36,1642.25,1.2,None,0
18,Pen_C,29,Marshall,Finisher,Dry/Harmattan,Post-Vaccination,878,36.7,58.3,67.33,190.79,1060.69,1674.49,1.2,Vaccination stress,1
18,Pen_C,30,Marshall,Finisher,Dry/Harmattan,Mild Stress,878,38.9,59.3,79.27,231.44,1139.96,1911.88,1.2,None,0
18,Pen_C,31,Marshall,Finisher,Dry/Harmattan,Healthy,878,37.1,52.8,89.36,243.29,1229.32,1950.64,1.2,None,0
18,Pen_C,32,Marshall,Finisher,Dry/Harmattan,Healthy,878,37.5,62.8,88.52,242.48,1317.84,2037.97,1.2,None,0
18,Pen_C,33,Marshall,Finisher,Dry/Harmattan,Healthy,878,34.7,54.7,99.08,253.67,1416.92,2144.58,1.2,None,0
18,Pen_C,34,Marshall,Finisher,Dry/Harmattan,Healthy,878,38.4,65.3,86.21,244.57,1503.13,2144.58,1.2,None,0
18,Pen_C,35,Marshall,Finisher,Dry/Harmattan,Healthy,878,40.2,56.8,89.98,269.19,1593.11,2144.58,1.2,None,0
18,Pen_C,36,Marshall,Finisher,Dry/Harmattan,Healthy,878,37.4,58.6,105.21,288.76,1698.33,2325.59,1.2,None,0
18,Pen_C,37,Marshall,Finisher,Dry/Harmattan,Mild Stress,878,38.0,49.3,93.92,264.4,1792.25,2325.59,1.2,None,1
18,Pen_C,38,Marshall,Finisher,Dry/Harmattan,Healthy,878,40.7,58.6,106.93,309.8,1899.18,2325.59,1.2,Heat stress,1
18,Pen_C,39,Marshall,Finisher,Dry/Harmattan,Healthy,878,36.0,51.8,121.8,323.87,2020.98,2407.52,1.2,None,0
18,Pen_C,40,Marshall,Finisher,Dry/Harmattan,Recovering,878,36.6,64.9,64.8,167.77,2085.78,2407.52,1.2,High deaths,0
18,Pen_C,41,Marshall,Finisher,Dry/Harmattan,Healthy,878,38.1,52.6,107.48,298.37,2193.26,2407.52,1.2,None,1
18,Pen_C,42,Marshall,Finisher,Dry/Harmattan,Healthy,878,33.5,56.6,138.62,344.69,2331.89,2416.92,1.2,None,0
19,Pen_D,1,Ross 308,Starter,Dry/Harmattan,Healthy,654,33.5,45.5,15.66,42.91,15.66,332.41,1.2,None,0
19,Pen_D,2,Ross 308,Starter,Dry/Harmattan,Healthy,654,34.5,39.7,9.53,28.06,25.19,343.57,1.2,None,1
19,Pen_D,3,Ross 308,Starter,Dry/Harmattan,Healthy,654,34.9,49.8,12.33,32.18,37.52,371.88,1.2,None,0
19,Pen_D,4,Ross 308,Starter,Dry/Harmattan,Healthy,654,33.4,51.0,13.85,36.56,51.37,433.86,1.2,None,0
19,Pen_D,5,Ross 308,Starter,Dry/Harmattan,Post-Vaccination,654,33.3,61.4,10.58,33.8,61.95,433.86,1.2,None,0
19,Pen_D,6,Ross 308,Starter,Dry/Harmattan,Recovering,654,34.3,54.5,5.0,20.47,66.95,433.86,1.2,High deaths,0
19,Pen_D,7,Ross 308,Starter,Dry/Harmattan,Healthy,654,34.8,46.0,12.49,33.23,79.44,535.4,1.2,None,0
19,Pen_D,8,Ross 308,Starter,Dry/Harmattan,Mild Stress,654,35.4,62.4,24.11,66.84,103.55,535.4,1.2,None,0
19,Pen_D,9,Ross 308,Starter,Dry/Harmattan,Recovering,654,34.7,56.5,22.74,58.59,126.28,535.4,1.2,None,0
19,Pen_D,10,Ross 308,Starter,Dry/Harmattan,Healthy,654,33.7,52.0,33.01,76.81,159.29,655.4,1.2,None,0
19,Pen_D,11,Ross 308,Starter,Dry/Harmattan,Mild Stress,654,32.9,55.6,33.42,86.17,192.72,667.17,1.2,None,0
19,Pen_D,12,Ross 308,Starter,Dry/Harmattan,Recovering,654,32.4,53.6,24.93,58.16,217.65,708.26,1.2,None,0
19,Pen_D,13,Ross 308,Starter,Dry/Harmattan,Healthy,654,36.9,52.7,30.97,81.84,248.62,838.52,1.2,None,0
19,Pen_D,14,Ross 308,Starter,Dry/Harmattan,Mild Stress,654,34.9,59.5,26.24,69.59,274.86,859.55,1.2,None,1
19,Pen_D,15,Ross 308,Grower,Dry/Harmattan,Mild Stress,654,33.8,56.6,57.11,150.54,331.97,963.93,1.2,None,0
19,Pen_D,16,Ross 308,Grower,Dry/Harmattan,Mild Stress,654,35.1,57.7,29.08,74.3,361.05,963.93,2.04,Low appetite,0
19,Pen_D,17,Ross 308,Grower,Dry/Harmattan,Recovering,654,35.5,62.5,26.85,67.01,387.9,963.93,1.2,High deaths,0
19,Pen_D,18,Ross 308,Grower,Dry/Harmattan,Healthy,654,34.3,91.9,49.52,129.33,437.42,1219.63,1.2,Very high humidity,1
19,Pen_D,19,Ross 308,Grower,Dry/Harmattan,Healthy,654,34.6,47.2,52.97,140.42,490.39,1264.57,1.2,None,0
19,Pen_D,20,Ross 308,Grower,Dry/Harmattan,Healthy,654,34.6,51.5,58.96,155.65,549.35,1445.22,1.2,None,0
19,Pen_D,21,Ross 308,Grower,Dry/Harmattan,Healthy,654,35.5,52.6,56.23,143.21,605.58,1445.22,1.2,None,0
19,Pen_D,22,Ross 308,Grower,Dry/Harmattan,Mild Stress,654,36.6,82.0,69.78,188.16,675.35,1445.22,1.2,Dirty/wet litter,0
19,Pen_D,23,Ross 308,Grower,Dry/Harmattan,Healthy,654,32.5,49.2,90.04,219.35,765.39,1559.03,1.2,None,0
19,Pen_D,24,Ross 308,Grower,Dry/Harmattan,Healthy,654,34.9,59.2,80.82,210.45,846.21,1696.91,1.2,None,0
19,Pen_D,25,Ross 308,Grower,Dry/Harmattan,Recovering,654,34.0,56.5,71.08,172.88,917.29,1696.91,1.2,None,0
19,Pen_D,26,Ross 308,Grower,Dry/Harmattan,Healthy,654,34.3,43.6,78.89,212.65,996.18,1740.46,1.2,None,0
19,Pen_D,27,Ross 308,Grower,Dry/Harmattan,Healthy,654,36.9,55.6,80.64,218.48,1076.82,1867.27,1.2,None,0
19,Pen_D,28,Ross 308,Grower,Dry/Harmattan,Mild Stress,654,33.7,93.5,74.32,178.86,1151.14,1867.27,1.2,Poor ventilation,0
19,Pen_D,29,Ross 308,Finisher,Dry/Harmattan,Healthy,654,33.0,48.1,118.95,291.38,1270.08,1894.92,1.2,None,0
19,Pen_D,30,Ross 308,Finisher,Dry/Harmattan,Healthy,654,35.8,63.2,104.21,266.95,1374.3,1963.07,1.2,None,0
19,Pen_D,31,Ross 308,Finisher,Dry/Harmattan,Healthy,654,34.8,52.1,103.2,260.33,1477.5,2049.02,1.2,None,0
19,Pen_D,32,Ross 308,Finisher,Dry/Harmattan,Mild Stress,654,34.8,56.3,89.06,235.52,1566.55,2049.02,1.2,None,1
19,Pen_D,33,Ross 308,Finisher,Dry/Harmattan,Healthy,654,34.3,61.1,103.62,260.18,1670.17,2106.36,1.2,None,0
19,Pen_D,34,Ross 308,Finisher,Dry/Harmattan,Mild Stress,654,33.2,50.5,56.01,139.82,1726.19,2106.36,2.104,Low appetite,0
19,Pen_D,35,Ross 308,Finisher,Dry/Harmattan,Mild Stress,654,36.5,55.5,68.53,182.2,1794.71,2106.36,2.194,Very poor weight gain,0
19,Pen_D,36,Ross 308,Finisher,Dry/Harmattan,Mild Stress,654,35.0,54.8,109.2,281.03,1903.92,2197.34,1.2,None,0
19,Pen_D,37,Ross 308,Finisher,Dry/Harmattan,Mild Stress,654,36.0,44.8,108.31,292.47,2012.23,2197.34,1.2,None,0
19,Pen_D,38,Ross 308,Finisher,Dry/Harmattan,Recovering,654,35.6,51.8,98.97,263.71,2111.2,2197.34,1.2,None,0
19,Pen_D,39,Ross 308,Finisher,Dry/Harmattan,Recovering,654,36.6,93.0,43.41,109.28,2154.61,2197.34,1.972,Mouldy feed,0
19,Pen_D,40,Ross 308,Finisher,Dry/Harmattan,Mild Stress,654,34.1,56.4,80.96,202.99,2235.57,2197.34,1.984,Very poor weight gain,0
19,Pen_D,41,Ross 308,Finisher,Dry/Harmattan,Healthy,654,37.3,55.8,106.1,284.65,2341.67,2313.2,1.2,None,0
19,Pen_D,42,Ross 308,Finisher,Dry/Harmattan,Healthy,654,36.1,50.3,123.56,326.65,2465.22,2495.69,1.2,None,1
20,Pen_E,1,Ross 308,Starter,Peak Rainy,Mild Stress,313,32.7,89.3,11.77,30.32,11.77,251.1,1.2,Poor ventilation,0
20,Pen_E,2,Ross 308,Starter,Peak Rainy,Healthy,313,27.6,80.0,12.88,21.86,24.66,362.22,1.2,None,0
20,Pen_E,3,Ross 308,Starter,Peak Rainy,Mild Stress,313,29.6,76.7,13.6,35.15,38.26,362.22,1.2,None,0
20,Pen_E,4,Ross 308,Starter,Peak Rainy,Healthy,313,32.4,87.6,11.08,31.48,49.34,415.81,1.2,None,0
20,Pen_E,5,Ross 308,Starter,Peak Rainy,Healthy,313,29.4,88.9,17.2,27.41,66.54,458.42,1.2,None,0
20,Pen_E,6,Ross 308,Starter,Peak Rainy,Healthy,313,27.4,86.6,15.72,38.7,82.26,514.07,1.2,None,0
20,Pen_E,7,Ross 308,Starter,Peak Rainy,Healthy,313,29.7,80.2,15.92,40.56,98.17,563.88,1.2,None,0
20,Pen_E,8,Ross 308,Starter,Peak Rainy,Mild Stress,313,29.0,71.3,30.38,77.91,128.56,563.88,1.2,None,0
20,Pen_E,9,Ross 308,Starter,Peak Rainy,Mild Stress,313,32.3,94.7,32.24,85.86,160.79,563.88,1.2,Poor ventilation,1
20,Pen_E,10,Ross 308,Starter,Peak Rainy,Recovering,313,30.3,82.0,25.16,54.78,185.96,585.06,1.2,None,0
20,Pen_E,11,Ross 308,Starter,Peak Rainy,Healthy,313,28.3,71.2,36.73,81.1,222.69,715.96,1.2,None,0
20,Pen_E,12,Ross 308,Starter,Peak Rainy,Mild Stress,313,34.4,88.4,29.34,68.06,252.03,715.96,1.2,Poor ventilation,0
20,Pen_E,13,Ross 308,Starter,Peak Rainy,Healthy,313,31.6,81.0,36.3,89.17,288.33,874.38,1.2,None,0
20,Pen_E,14,Ross 308,Starter,Peak Rainy,Healthy,313,30.8,74.9,37.39,79.09,325.72,943.77,1.2,None,0
20,Pen_E,15,Ross 308,Grower,Peak Rainy,Healthy,313,30.9,81.1,64.32,149.12,390.04,957.44,1.2,None,0
20,Pen_E,16,Ross 308,Grower,Peak Rainy,Recovering,313,27.3,78.4,49.31,105.95,439.35,957.44,1.2,None,0
20,Pen_E,17,Ross 308,Grower,Peak Rainy,Healthy,313,31.4,75.9,68.41,162.23,507.76,1070.75,1.2,None,0
20,Pen_E,18,Ross 308,Grower,Peak Rainy,Healthy,313,29.5,80.8,66.26,154.88,574.01,1176.59,1.2,None,0
20,Pen_E,19,Ross 308,Grower,Peak Rainy,Healthy,313,30.7,82.5,63.69,143.34,637.7,1280.69,1.2,None,0
20,Pen_E,20,Ross 308,Grower,Peak Rainy,Healthy,313,30.2,78.6,62.58,142.34,700.28,1448.8,1.2,None,0
20,Pen_E,21,Ross 308,Grower,Peak Rainy,Healthy,313,30.2,91.6,60.71,139.0,760.99,1448.8,1.2,None,0
20,Pen_E,22,Ross 308,Grower,Peak Rainy,Healthy,313,27.8,75.7,95.41,192.53,856.4,1448.8,1.2,None,0
20,Pen_E,23,Ross 308,Grower,Peak Rainy,Healthy,313,28.2,77.4,96.46,215.34,952.86,1600.29,1.2,None,0
20,Pen_E,24,Ross 308,Grower,Peak Rainy,Healthy,313,33.6,75.5,98.72,245.92,1051.58,1666.91,1.2,None,0
20,Pen_E,25,Ross 308,Grower,Peak Rainy,Healthy,313,41.1,80.2,70.23,209.9,1121.81,1666.91,1.2,Heat stress,0
20,Pen_E,26,Ross 308,Grower,Peak Rainy,Healthy,313,30.2,79.6,93.88,222.77,1215.7,1717.11,1.2,None,0
20,Pen_E,27,Ross 308,Grower,Peak Rainy,Recovering,313,29.2,83.3,72.08,171.23,1287.78,1717.11,1.2,None,0
20,Pen_E,28,Ross 308,Grower,Peak Rainy,Recovering,313,28.2,82.8,73.49,160.16,1361.27,1717.11,1.2,None,0
20,Pen_E,29,Ross 308,Finisher,Peak Rainy,Healthy,313,28.9,92.7,111.63,257.71,1472.91,2055.9,1.2,None,0
20,Pen_E,30,Ross 308,Finisher,Peak Rainy,Healthy,313,29.0,80.2,116.56,263.1,1589.47,2074.26,1.2,None,0
20,Pen_E,31,Ross 308,Finisher,Peak Rainy,Recovering,313,29.4,81.4,94.32,218.99,1683.79,2074.26,1.2,None,0
20,Pen_E,32,Ross 308,Finisher,Peak Rainy,Mild Stress,313,28.4,91.4,76.09,171.19,1759.88,2074.26,1.899,Very poor weight gain,0
20,Pen_E,33,Ross 308,Finisher,Peak Rainy,Mild Stress,313,31.5,78.6,63.92,150.74,1823.79,2074.26,2.04,Very poor weight gain,0
20,Pen_E,34,Ross 308,Finisher,Peak Rainy,Recovering,313,30.7,80.0,93.61,216.21,1917.41,2074.26,1.2,None,0
20,Pen_E,35,Ross 308,Finisher,Peak Rainy,Recovering,313,31.2,75.5,56.43,130.07,1973.84,2074.26,1.2,High deaths,1
20,Pen_E,36,Ross 308,Finisher,Peak Rainy,Post-Vaccination,313,29.9,79.9,118.82,268.02,2092.66,2074.26,1.2,None,0
20,Pen_E,37,Ross 308,Finisher,Peak Rainy,Healthy,313,25.4,78.4,139.91,285.63,2232.57,2309.37,1.2,None,0
20,Pen_E,38,Ross 308,Finisher,Peak Rainy,Healthy,313,26.7,82.3,139.71,297.43,2372.29,2407.36,1.2,None,0
20,Pen_E,39,Ross 308,Finisher,Peak Rainy,Healthy,313,30.9,86.9,138.67,325.71,2510.95,2525.71,1.2,None,0
20,Pen_E,40,Ross 308,Finisher,Peak Rainy,Recovering,313,30.9,82.1,57.84,141.02,2568.79,2525.71,1.603,Disease symptoms,0
20,Pen_E,41,Ross 308,Finisher,Peak Rainy,Healthy,313,29.5,80.7,142.96,315.24,2711.75,2525.71,1.2,None,0
20,Pen_E,42,Ross 308,Finisher,Peak Rainy,Mild Stress,313,35.6,93.7,104.05,269.21,2815.8,2525.71,1.2,Dirty/wet litter,1
21,Pen_F,1,Ross 308,Starter,Early Rainy,Healthy,756,30.5,85.6,9.54,20.0,9.54,293.65,1.2,None,0
21,Pen_F,2,Ross 308,Starter,Early Rainy,Mild Stress,756,37.7,93.9,10.66,33.37,20.2,293.65,1.2,Dirty/wet litter,1
21,Pen_F,3,Ross 308,Starter,Early Rainy,Mild Stress,756,28.3,82.3,9.01,28.58,29.21,310.0,1.929,Low appetite,0
21,Pen_F,4,Ross 308,Starter,Early Rainy,Healthy,756,28.4,80.0,12.78,26.45,41.99,400.74,1.2,None,0
21,Pen_F,5,Ross 308,Starter,Early Rainy,Healthy,756,33.3,78.4,11.29,20.0,53.28,437.39,1.2,None,0
21,Pen_F,6,Ross 308,Starter,Early Rainy,Healthy,756,28.8,70.9,12.51,28.29,65.79,486.8,1.2,None,0
21,Pen_F,7,Ross 308,Starter,Early Rainy,Healthy,756,30.8,77.2,16.01,41.29,81.8,545.18,1.2,None,0
21,Pen_F,8,Ross 308,Starter,Early Rainy,Recovering,756,36.3,91.5,9.56,20.0,91.36,545.18,2.284,Mouldy feed,1
21,Pen_F,9,Ross 308,Starter,Early Rainy,Mild Stress,756,33.8,78.1,29.42,67.96,120.78,545.18,1.2,None,0
21,Pen_F,10,Ross 308,Starter,Early Rainy,Healthy,756,28.9,79.2,34.86,88.1,155.64,651.67,1.2,None,0
21,Pen_F,11,Ross 308,Starter,Early Rainy,Mild Stress,756,29.6,79.3,32.99,76.57,188.63,672.42,1.2,None,0
21,Pen_F,12,Ross 308,Starter,Early Rainy,Healthy,756,39.4,78.9,28.56,75.1,217.19,778.25,1.2,Heat stress,1
21,Pen_F,13,Ross 308,Starter,Early Rainy,Healthy,756,29.5,72.6,37.59,93.74,254.78,868.27,1.2,None,0
21,Pen_F,14,Ross 308,Starter,Early Rainy,Healthy,756,31.0,77.3,31.3,74.84,286.07,913.89,1.2,None,0
21,Pen_F,15,Ross 308,Grower,Early Rainy,Recovering,756,29.5,66.0,48.18,113.03,334.25,922.05,1.2,None,1
21,Pen_F,16,Ross 308,Grower,Early Rainy,Mild Stress,756,29.2,79.4,56.37,128.31,390.62,973.99,1.2,None,0
21,Pen_F,17,Ross 308,Grower,Early Rainy,Healthy,756,32.0,77.8,67.95,163.26,458.56,1168.64,1.2,None,0
21,Pen_F,18,Ross 308,Grower,Early Rainy,Healthy,756,30.3,80.7,66.9,158.25,525.46,1202.57,1.2,None,0
21,Pen_F,19,Ross 308,Grower,Early Rainy,Post-Vaccination,756,29.9,81.2,36.43,90.38,561.89,1202.57,1.2,Vaccination stress,0
21,Pen_F,20,Ross 308,Grower,Early Rainy,Healthy,756,28.8,71.7,63.08,142.37,624.98,1386.79,1.2,None,0
21,Pen_F,21,Ross 308,Grower,Early Rainy,Healthy,756,32.1,78.0,65.08,154.76,690.05,1477.52,1.2,None,0
21,Pen_F,22,Ross 308,Grower,Early Rainy,Healthy,756,30.9,75.0,95.14,227.31,785.19,1477.52,1.2,None,0
21,Pen_F,23,Ross 308,Grower,Early Rainy,Healthy,756,31.3,82.3,94.59,232.05,879.78,1542.84,1.2,None,0
21,Pen_F,24,Ross 308,Grower,Early Rainy,Mild Stress,756,31.2,82.2,58.96,139.66,938.75,1542.84,2.097,Very poor weight gain,0
21,Pen_F,25,Ross 308,Grower,Early Rainy,Healthy,756,27.8,78.7,94.42,208.25,1033.17,1687.67,1.2,None,0
21,Pen_F,26,Ross 308,Grower,Early Rainy,Healthy,756,29.7,74.7,97.87,227.48,1131.04,1754.07,1.2,None,0
21,Pen_F,27,Ross 308,Grower,Early Rainy,Healthy,756,30.9,76.5,94.62,221.69,1225.66,1847.76,1.2,None,0
21,Pen_F,28,Ross 308,Grower,Early Rainy,Healthy,756,29.2,84.0,93.18,205.62,1318.85,1951.34,1.2,None,1
21,Pen_F,29,Ross 308,Finisher,Early Rainy,Mild Stress,756,36.9,89.1,94.01,251.19,1412.86,1951.34,1.2,Poor ventilation,1
21,Pen_F,30,Ross 308,Finisher,Early Rainy,Healthy,756,31.2,81.8,117.96,281.98,1530.82,2009.88,1.2,None,0
21,Pen_F,31,Ross 308,Finisher,Early Rainy,Healthy,756,28.5,74.2,120.12,268.22,1650.94,2103.42,1.2,None,0
21,Pen_F,32,Ross 308,Finisher,Early Rainy,Mild Stress,756,32.5,90.2,103.76,252.64,1754.69,2103.42,1.2,Poor ventilation,0
21,Pen_F,33,Ross 308,Finisher,Early Rainy,Healthy,756,30.6,75.7,120.86,282.1,1875.55,2196.12,1.2,None,0
21,Pen_F,34,Ross 308,Finisher,Early Rainy,Recovering,756,35.8,90.1,51.19,137.82,1926.74,2196.12,1.876,Mouldy feed,0
21,Pen_F,35,Ross 308,Finisher,Early Rainy,Healthy,756,31.8,81.9,119.46,293.94,2046.2,2260.57,1.2,None,0
21,Pen_F,36,Ross 308,Finisher,Early Rainy,Healthy,756,32.4,92.7,137.09,341.32,2183.29,2309.34,1.2,None,0
21,Pen_F,37,Ross 308,Finisher,Early Rainy,Mild Stress,756,35.7,82.8,112.35,300.36,2295.64,2309.34,1.2,Dirty/wet litter,0
21,Pen_F,38,Ross 308,Finisher,Early Rainy,Recovering,756,34.3,84.0,66.07,163.55,2361.72,2309.34,1.768,Mouldy feed,0
21,Pen_F,39,Ross 308,Finisher,Early Rainy,Mild Stress,756,30.4,81.5,125.59,298.07,2487.31,2309.34,1.229,None,0
21,Pen_F,40,Ross 308,Finisher,Early Rainy,Mild Stress,756,38.1,91.7,95.8,266.14,2583.1,2309.34,1.2,Poor ventilation,1
21,Pen_F,41,Ross 308,Finisher,Early Rainy,Mild Stress,756,38.1,87.4,93.81,261.01,2676.91,2309.34,1.2,Dirty/wet litter,0
21,Pen_F,42,Ross 308,Finisher,Early Rainy,Healthy,756,28.7,81.3,144.52,317.98,2821.43,2413.87,1.2,None,0
22,Pen_G,1,Marshall,Starter,Late Rainy,Healthy,391,33.0,75.7,13.88,25.22,13.88,324.31,1.2,None,0
22,Pen_G,2,Marshall,Starter,Late Rainy,Healthy,391,35.1,75.4,13.3,37.22,27.18,345.12,1.2,None,0
22,Pen_G,3,Marshall,Starter,Late Rainy,Healthy,391,33.5,73.4,18.38,48.56,45.57,396.61,1.2,None,0
22,Pen_G,4,Marshall,Starter,Late Rainy,Mild Stress,391,34.3,79.3,9.78,28.65,55.34,396.61,1.2,None,0
22,Pen_G,5,Marshall,Starter,Late Rainy,Healthy,391,32.6,87.9,11.6,35.37,66.94,454.27,1.2,None,0
22,Pen_G,6,Marshall,Starter,Late Rainy,Healthy,391,31.5,86.5,14.11,30.74,81.05,520.35,1.2,None,0
22,Pen_G,7,Marshall,Starter,Late Rainy,Healthy,391,34.1,72.2,15.11,43.88,96.16,552.07,1.2,None,0
22,Pen_G,8,Marshall,Starter,Late Rainy,Healthy,391,35.6,90.5,29.74,74.76,125.9,552.07,1.2,None,0
22,Pen_G,9,Marshall,Starter,Late Rainy,Healthy,391,33.7,77.2,35.61,98.76,161.51,603.39,1.2,None,0
22,Pen_G,10,Marshall,Starter,Late Rainy,Healthy,391,32.8,92.2,29.93,69.75,191.44,665.63,1.2,None,0
22,Pen_G,11,Marshall,Starter,Late Rainy,Healthy,391,40.4,80.0,28.78,81.52,220.22,718.8,1.2,Heat stress,1
22,Pen_G,12,Marshall,Starter,Late Rainy,Recovering,391,32.1,84.1,15.55,40.66,235.76,718.8,1.2,High deaths,0
22,Pen_G,13,Marshall,Starter,Late Rainy,Mild Stress,391,35.8,77.0,14.22,46.15,249.99,745.36,2.217,Low appetite,0
22,Pen_G,14,Marshall,Starter,Late Rainy,Recovering,391,32.6,81.9,14.21,37.6,264.2,745.36,2.147,Disease symptoms,1
22,Pen_G,15,Marshall,Grower,Late Rainy,Healthy,391,35.9,77.4,58.51,161.59,322.71,938.01,1.2,None,0
22,Pen_G,16,Marshall,Grower,Late Rainy,Recovering,391,36.1,87.2,27.09,78.25,349.8,938.01,2.262,Mouldy feed,1
22,Pen_G,17,Marshall,Grower,Late Rainy,Recovering,391,35.8,78.6,29.51,82.3,379.31,938.01,1.2,High deaths,0
22,Pen_G,18,Marshall,Grower,Late Rainy,Healthy,391,36.5,70.0,58.06,162.52,437.37,1120.23,1.2,None,0
22,Pen_G,19,Marshall,Grower,Late Rainy,Healthy,391,32.8,77.3,63.45,158.02,500.83,1282.91,1.2,None,0
22,Pen_G,20,Marshall,Grower,Late Rainy,Recovering,391,37.1,90.2,19.5,56.1,520.32,1282.91,1.554,Mouldy feed,1
22,Pen_G,21,Marshall,Grower,Late Rainy,Healthy,391,36.8,91.3,52.5,140.87,572.82,1470.45,1.2,Heat stress,0
22,Pen_G,22,Marshall,Grower,Late Rainy,Recovering,391,37.6,94.2,30.64,90.21,603.47,1470.45,1.783,Mouldy feed,1
22,Pen_G,23,Marshall,Grower,Late Rainy,Recovering,391,33.3,80.8,72.71,177.68,676.18,1470.45,1.2,None,0
22,Pen_G,24,Marshall,Grower,Late Rainy,Healthy,391,34.3,70.1,85.15,216.34,761.33,1565.92,1.2,None,0
22,Pen_G,25,Marshall,Grower,Late Rainy,Recovering,391,33.2,73.8,74.81,194.72,836.15,1565.92,1.2,None,0
22,Pen_G,26,Marshall,Grower,Late Rainy,Healthy,391,37.3,73.0,75.37,201.62,911.52,1732.54,1.2,None,0
22,Pen_G,27,Marshall,Grower,Late Rainy,Mild Stress,391,34.5,84.0,52.35,133.37,963.87,1732.54,2.074,Very poor weight gain,1
22,Pen_G,28,Marshall,Grower,Late Rainy,Healthy,391,32.2,80.5,91.35,224.45,1055.22,1847.03,1.2,None,0
22,Pen_G,29,Marshall,Finisher,Late Rainy,Healthy,391,34.2,68.9,106.62,271.32,1161.84,1903.16,1.2,None,0
22,Pen_G,30,Marshall,Finisher,Late Rainy,Recovering,391,34.2,78.0,37.94,96.52,1199.78,1903.16,1.562,Disease symptoms,1
22,Pen_G,31,Marshall,Finisher,Late Rainy,Mild Stress,391,38.3,91.2,77.77,215.6,1277.55,1903.16,1.2,Dirty/wet litter,1
22,Pen_G,32,Marshall,Finisher,Late Rainy,Healthy,391,34.6,76.9,105.62,267.19,1383.17,2064.28,1.2,None,0
22,Pen_G,33,Marshall,Finisher,Late Rainy,Healthy,391,32.8,73.2,117.15,292.5,1500.32,2064.28,1.2,None,0
22,Pen_G,34,Marshall,Finisher,Late Rainy,Healthy,391,41.5,81.2,90.32,274.24,1590.64,2148.28,1.2,Heat stress,1
22,Pen_G,35,Marshall,Finisher,Late Rainy,Mild Stress,391,32.3,72.3,71.51,170.75,1662.15,2148.28,2.265,Low appetite,0
22,Pen_G,36,Marshall,Finisher,Late Rainy,Mild Stress,391,34.7,80.2,76.88,192.79,1739.03,2148.28,1.568,Low appetite,0
22,Pen_G,37,Marshall,Finisher,Late Rainy,Post-Vaccination,391,35.6,79.5,102.92,277.29,1841.96,2148.28,1.2,None,0
22,Pen_G,38,Marshall,Finisher,Late Rainy,Healthy,391,36.0,73.5,126.84,338.94,1968.8,2341.57,1.2,None,0
22,Pen_G,39,Marshall,Finisher,Late Rainy,Recovering,391,34.5,83.0,95.33,243.07,2064.13,2341.57,1.2,None,0
22,Pen_G,40,Marshall,Finisher,Late Rainy,Healthy,391,33.3,81.4,137.99,347.72,2202.12,2377.4,1.2,None,0
22,Pen_G,41,Marshall,Finisher,Late Rainy,Healthy,391,31.6,78.1,142.6,337.88,2344.72,2377.4,1.2,None,0
22,Pen_G,42,Marshall,Finisher,Late Rainy,Mild Stress,391,34.5,69.9,70.99,182.81,2415.71,2377.4,2.07,Very poor weight gain,0
23,Pen_H,1,Noiler,Starter,Dry/Harmattan,Post-Vaccination,650,33.4,59.3,7.73,27.47,7.73,223.28,1.2,Vaccination stress,1
23,Pen_H,2,Noiler,Starter,Dry/Harmattan,Mild Stress,650,36.8,90.0,10.0,30.48,17.73,223.28,1.2,Poor ventilation,0
23,Pen_H,3,Noiler,Starter,Dry/Harmattan,Mild Stress,650,34.5,82.3,11.94,34.02,29.67,251.95,1.2,Dirty/wet litter,0
23,Pen_H,4,Noiler,Starter,Dry/Harmattan,Healthy,650,28.3,45.0,15.94,39.02,45.61,343.24,1.2,None,0
23,Pen_H,5,Noiler,Starter,Dry/Harmattan,Healthy,650,32.9,53.6,13.67,26.97,59.28,375.46,1.2,None,0
23,Pen_H,6,Noiler,Starter,Dry/Harmattan,Healthy,650,28.1,53.5,12.96,26.83,72.23,422.48,1.2,None,0
23,Pen_H,7,Noiler,Starter,Dry/Harmattan,Mild Stress,650,28.9,48.1,15.27,33.45,87.51,440.65,1.2,None,1
23,Pen_H,8,Noiler,Starter,Dry/Harmattan,Healthy,650,30.3,57.7,32.35,72.79,119.86,454.72,1.2,None,0
23,Pen_H,9,Noiler,Starter,Dry/Harmattan,Healthy,650,29.8,52.7,28.64,61.65,148.49,523.25,1.2,None,0
23,Pen_H,10,Noiler,Starter,Dry/Harmattan,Healthy,650,31.6,58.4,29.11,78.07,177.61,539.76,1.2,None,0
23,Pen_H,11,Noiler,Starter,Dry/Harmattan,Healthy,650,30.8,53.6,28.35,65.01,205.96,631.55,1.2,None,0
23,Pen_H,12,Noiler,Starter,Dry/Harmattan,Recovering,650,31.2,54.4,16.92,43.8,222.88,631.55,2.048,Disease symptoms,1
23,Pen_H,13,Noiler,Starter,Dry/Harmattan,Healthy,650,31.6,56.9,32.43,74.8,255.31,755.68,1.2,None,0
23,Pen_H,14,Noiler,Starter,Dry/Harmattan,Recovering,650,32.1,49.5,23.94,57.44,279.24,755.68,1.2,None,0
23,Pen_H,15,Noiler,Grower,Dry/Harmattan,Mild Stress,650,33.5,55.4,49.08,122.18,328.32,762.66,1.2,None,0
23,Pen_H,16,Noiler,Grower,Dry/Harmattan,Healthy,650,33.4,49.7,57.44,141.94,385.76,864.12,1.2,None,0
23,Pen_H,17,Noiler,Grower,Dry/Harmattan,Mild Stress,650,32.0,50.4,29.37,69.44,415.13,864.12,1.9,Low appetite,1
23,Pen_H,18,Noiler,Grower,Dry/Harmattan,Healthy,650,36.6,47.4,47.32,137.69,462.45,967.96,1.2,Heat stress,0
23,Pen_H,19,Noiler,Grower,Dry/Harmattan,Post-Vaccination,650,28.5,59.7,52.41,112.71,514.86,967.96,1.2,None,0
23,Pen_H,20,Noiler,Grower,Dry/Harmattan,Healthy,650,32.6,53.7,57.57,141.24,572.43,1160.05,1.2,None,0
23,Pen_H,21,Noiler,Grower,Dry/Harmattan,Mild Stress,650,29.7,54.3,38.35,95.58,610.78,1160.05,2.078,Very poor weight gain,1
23,Pen_H,22,Noiler,Grower,Dry/Harmattan,Healthy,650,32.7,55.6,83.62,204.71,694.4,1206.8,1.2,None,0
23,Pen_H,23,Noiler,Grower,Dry/Harmattan,Mild Stress,650,30.8,57.0,70.94,171.22,765.34,1343.1,1.2,None,0
23,Pen_H,24,Noiler,Grower,Dry/Harmattan,Mild Stress,650,32.1,65.3,42.61,98.48,807.95,1343.1,1.942,Low appetite,0
23,Pen_H,25,Noiler,Grower,Dry/Harmattan,Healthy,650,28.9,51.8,80.79,183.43,888.75,1423.25,1.2,None,0
23,Pen_H,26,Noiler,Grower,Dry/Harmattan,Recovering,650,29.1,59.4,42.18,101.24,930.92,1423.25,1.2,High deaths,1
23,Pen_H,27,Noiler,Grower,Dry/Harmattan,Healthy,650,29.3,55.9,82.53,187.14,1013.46,1525.58,1.2,None,0
23,Pen_H,28,Noiler,Grower,Dry/Harmattan,Recovering,650,31.9,54.9,39.6,92.62,1053.05,1525.58,1.753,Disease symptoms,0
23,Pen_H,29,Noiler,Finisher,Dry/Harmattan,Recovering,650,29.1,61.4,43.18,98.37,1096.24,1525.58,1.836,Disease symptoms,0
23,Pen_H,30,Noiler,Finisher,Dry/Harmattan,Healthy,650,29.3,53.3,105.76,235.24,1201.99,1702.51,1.2,None,0
23,Pen_H,31,Noiler,Finisher,Dry/Harmattan,Healthy,650,31.5,88.4,99.64,235.09,1301.63,1702.51,1.2,Very high humidity,0
23,Pen_H,32,Noiler,Finisher,Dry/Harmattan,Healthy,650,33.3,56.6,103.01,253.22,1404.64,1754.06,1.2,None,0
23,Pen_H,33,Noiler,Finisher,Dry/Harmattan,Healthy,650,31.1,60.4,104.62,255.49,1509.27,1864.09,1.2,None,0
23,Pen_H,34,Noiler,Finisher,Dry/Harmattan,Healthy,650,27.8,54.5,103.25,219.95,1612.52,1864.09,1.2,None,0
23,Pen_H,35,Noiler,Finisher,Dry/Harmattan,Mild Stress,650,34.4,92.1,77.75,178.98,1690.26,1864.09,1.2,Poor ventilation,1
23,Pen_H,36,Noiler,Finisher,Dry/Harmattan,Healthy,650,30.9,63.6,128.46,313.2,1818.72,1876.14,1.2,None,0
23,Pen_H,37,Noiler,Finisher,Dry/Harmattan,Mild Stress,650,32.9,54.6,112.67,282.78,1931.4,1876.14,1.2,None,0
23,Pen_H,38,Noiler,Finisher,Dry/Harmattan,Post-Vaccination,650,32.7,52.3,71.35,175.27,2002.75,1876.14,1.2,Vaccination stress,0
23,Pen_H,39,Noiler,Finisher,Dry/Harmattan,Healthy,650,31.5,92.9,117.47,274.11,2120.21,1890.66,1.255,Very high humidity,0
23,Pen_H,40,Noiler,Finisher,Dry/Harmattan,Healthy,650,30.3,90.6,118.22,273.76,2238.43,2143.06,1.2,Very high humidity,0
23,Pen_H,41,Noiler,Finisher,Dry/Harmattan,Healthy,650,29.4,59.6,124.49,272.57,2362.92,2143.06,1.2,None,0
23,Pen_H,42,Noiler,Finisher,Dry/Harmattan,Recovering,650,29.9,54.5,55.35,121.37,2418.27,2143.06,2.268,Disease symptoms,1
24,Pen_A,1,Ross 308,Starter,Dry/Harmattan,Healthy,556,36.1,53.4,9.07,20.34,9.07,311.32,1.2,None,0
24,Pen_A,2,Ross 308,Starter,Dry/Harmattan,Healthy,556,38.4,52.6,14.68,37.02,23.75,340.78,1.2,None,0
24,Pen_A,3,Ross 308,Starter,Dry/Harmattan,Post-Vaccination,556,37.8,54.6,6.59,20.0,30.33,363.28,1.2,None,0
24,Pen_A,4,Ross 308,Starter,Dry/Harmattan,Healthy,556,40.0,46.5,9.78,26.63,40.11,402.62,1.2,None,0
24,Pen_A,5,Ross 308,Starter,Dry/Harmattan,Healthy,556,39.2,48.6,14.48,37.97,54.59,454.94,1.2,None,0
24,Pen_A,6,Ross 308,Starter,Dry/Harmattan,Recovering,556,35.0,62.5,5.0,20.0,59.59,454.94,1.906,Disease symptoms,1
24,Pen_A,7,Ross 308,Starter,Dry/Harmattan,Healthy,556,40.2,61.4,9.31,24.19,68.9,521.14,1.2,None,0
24,Pen_A,8,Ross 308,Starter,Dry/Harmattan,Mild Stress,556,38.1,50.0,22.12,48.96,91.03,534.41,1.2,None,0
24,Pen_A,9,Ross 308,Starter,Dry/Harmattan,Healthy,556,38.0,59.5,26.78,66.57,117.8,595.5,1.2,None,0
24,Pen_A,10,Ross 308,Starter,Dry/Harmattan,Recovering,556,40.1,55.3,9.26,24.2,127.06,595.5,1.2,High deaths,1
24,Pen_A,11,Ross 308,Starter,Dry/Harmattan,Healthy,556,39.5,60.0,28.28,84.6,155.34,742.74,1.2,None,0
24,Pen_A,12,Ross 308,Starter,Dry/Harmattan,Healthy,556,39.7,59.4,29.59,82.84,184.94,782.87,1.2,None,0
24,Pen_A,13,Ross 308,Starter,Dry/Harmattan,Healthy,556,36.4,50.2,30.2,81.54,215.14,877.87,1.2,None,0
24,Pen_A,14,Ross 308,Starter,Dry/Harmattan,Healthy,556,37.3,62.7,25.36,66.09,240.5,940.69,1.2,None,0
24,Pen_A,15,Ross 308,Grower,Dry/Harmattan,Recovering,556,36.7,64.6,22.51,59.83,263.01,940.69,2.129,Disease symptoms,0
24,Pen_A,16,Ross 308,Grower,Dry/Harmattan,Mild Stress,556,38.2,50.6,44.28,127.4,307.29,963.5,1.2,None,0
24,Pen_A,17,Ross 308,Grower,Dry/Harmattan,Recovering,556,38.7,44.0,21.26,64.33,328.55,963.5,2.02,Disease symptoms,1
24,Pen_A,18,Ross 308,Grower,Dry/Harmattan,Post-Vaccination,556,41.8,51.9,44.42,138.85,372.97,1084.94,1.2,None,0
24,Pen_A,19,Ross 308,Grower,Dry/Harmattan,Healthy,556,34.2,45.1,54.2,141.3,427.17,1236.9,1.2,None,0
24,Pen_A,20,Ross 308,Grower,Dry/Harmattan,Post-Vaccination,556,37.1,52.6,26.52,63.36,453.7,1236.9,1.2,Vaccination stress,1
24,Pen_A,21,Ross 308,Grower,Dry/Harmattan,Healthy,556,34.7,54.9,53.98,148.26,507.68,1418.82,1.2,None,0
24,Pen_A,22,Ross 308,Grower,Dry/Harmattan,Healthy,556,37.7,62.6,69.23,193.18,576.91,1472.16,1.2,None,0
24,Pen_A,23,Ross 308,Grower,Dry/Harmattan,Recovering,556,38.3,52.6,34.54,99.65,611.45,1472.16,2.065,Disease symptoms,1
24,Pen_A,24,Ross 308,Grower,Dry/Harmattan,Healthy,556,38.1,62.8,70.12,191.09,681.57,1573.43,1.2,None,0
24,Pen_A,25,Ross 308,Grower,Dry/Harmattan,Healthy,556,39.2,96.2,66.2,193.22,747.77,1701.62,1.2,Very high humidity,1
24,Pen_A,26,Ross 308,Grower,Dry/Harmattan,Healthy,556,39.5,54.4,73.53,207.74,821.3,1703.9,1.2,None,0
24,Pen_A,27,Ross 308,Grower,Dry/Harmattan,Healthy,556,38.1,54.5,71.67,197.48,892.97,1855.34,1.2,None,1
24,Pen_A,28,Ross 308,Grower,Dry/Harmattan,Healthy,556,37.6,50.6,70.2,197.02,963.17,1855.34,1.2,None,0
24,Pen_A,29,Ross 308,Finisher,Dry/Harmattan,Mild Stress,556,38.4,92.1,79.14,220.3,1042.31,1855.34,1.2,Dirty/wet litter,1
24,Pen_A,30,Ross 308,Finisher,Dry/Harmattan,Recovering,556,37.4,83.0,42.45,113.93,1084.76,1855.34,1.927,Mouldy feed,1
24,Pen_A,31,Ross 308,Finisher,Dry/Harmattan,Healthy,556,39.5,55.6,91.87,264.96,1176.63,2007.75,1.2,None,0
24,Pen_A,32,Ross 308,Finisher,Dry/Harmattan,Healthy,556,37.7,61.0,90.28,245.42,1266.9,2039.28,1.2,None,0
24,Pen_A,33,Ross 308,Finisher,Dry/Harmattan,Healthy,556,39.1,59.1,90.16,251.64,1357.07,2216.81,1.2,None,0
24,Pen_A,34,Ross 308,Finisher,Dry/Harmattan,Recovering,556,40.7,60.0,67.06,187.37,1424.12,2216.81,1.2,None,0
24,Pen_A,35,Ross 308,Finisher,Dry/Harmattan,Mild Stress,556,39.2,54.8,49.56,151.94,1473.68,2216.81,1.81,Low appetite,1
24,Pen_A,36,Ross 308,Finisher,Dry/Harmattan,Healthy,556,35.5,53.1,126.18,327.8,1599.86,2286.58,1.2,None,0
24,Pen_A,37,Ross 308,Finisher,Dry/Harmattan,Healthy,556,39.0,53.6,107.93,303.2,1707.79,2286.58,1.2,None,0
24,Pen_A,38,Ross 308,Finisher,Dry/Harmattan,Post-Vaccination,556,38.6,54.7,94.35,259.81,1802.14,2286.58,1.2,None,0
24,Pen_A,39,Ross 308,Finisher,Dry/Harmattan,Healthy,556,39.3,52.2,110.05,307.01,1912.18,2286.58,1.2,None,0
24,Pen_A,40,Ross 308,Finisher,Dry/Harmattan,Recovering,556,37.8,60.2,84.52,235.02,1996.7,2286.58,1.2,Heat stress,0
24,Pen_A,41,Ross 308,Finisher,Dry/Harmattan,Healthy,556,36.9,58.2,125.09,348.2,2121.79,2473.51,1.2,None,0
24,Pen_A,42,Ross 308,Finisher,Dry/Harmattan,Mild Stress,556,35.5,82.2,106.47,281.39,2228.26,2473.51,1.2,Dirty/wet litter,0
25,Pen_B,1,Nigerian Local,Starter,Late Rainy,Post-Vaccination,432,36.7,78.4,11.8,29.64,11.8,216.98,1.2,Heat stress,0
25,Pen_B,2,Nigerian Local,Starter,Late Rainy,Recovering,432,30.1,86.0,8.18,20.0,19.98,216.98,2.277,Disease symptoms,1
25,Pen_B,3,Nigerian Local,Starter,Late Rainy,Mild Stress,432,36.0,85.3,7.91,22.56,27.89,240.34,1.2,Poor ventilation,1
25,Pen_B,4,Nigerian Local,Starter,Late Rainy,Post-Vaccination,432,28.6,79.6,6.49,20.0,34.38,254.52,1.2,Vaccination stress,1
25,Pen_B,5,Nigerian Local,Starter,Late Rainy,Mild Stress,432,29.7,78.5,7.39,20.0,41.77,262.61,2.278,Low appetite,0
25,Pen_B,6,Nigerian Local,Starter,Late Rainy,Mild Stress,432,30.3,87.6,7.55,29.81,49.32,345.79,1.2,None,0
25,Pen_B,7,Nigerian Local,Starter,Late Rainy,Healthy,432,32.2,77.5,11.28,25.51,60.59,408.06,1.2,None,0
25,Pen_B,8,Nigerian Local,Starter,Late Rainy,Mild Stress,432,32.3,95.5,24.91,63.1,85.5,408.06,1.2,Dirty/wet litter,1
25,Pen_B,9,Nigerian Local,Starter,Late Rainy,Mild Stress,432,30.7,73.3,24.23,61.34,109.73,408.06,1.2,None,0
25,Pen_B,10,Nigerian Local,Starter,Late Rainy,Healthy,432,30.0,89.5,25.76,50.06,135.49,480.17,1.2,None,0
25,Pen_B,11,Nigerian Local,Starter,Late Rainy,Healthy,432,28.8,71.0,28.31,62.46,163.8,507.79,1.2,None,0
25,Pen_B,12,Nigerian Local,Starter,Late Rainy,Healthy,432,29.1,81.0,32.19,73.08,195.99,599.65,1.2,None,0
25,Pen_B,13,Nigerian Local,Starter,Late Rainy,Mild Stress,432,33.2,83.5,24.77,55.34,220.76,599.65,1.2,Dirty/wet litter,0
25,Pen_B,14,Nigerian Local,Starter,Late Rainy,Mild Stress,432,29.4,81.8,27.67,56.85,248.43,655.24,1.2,None,0
25,Pen_B,15,Nigerian Local,Grower,Late Rainy,Mild Stress,432,32.2,79.6,24.42,55.32,272.85,655.24,1.661,Low appetite,0
25,Pen_B,16,Nigerian Local,Grower,Late Rainy,Recovering,432,28.2,81.2,43.56,93.49,316.41,696.74,1.2,None,0
25,Pen_B,17,Nigerian Local,Grower,Late Rainy,Healthy,432,30.6,83.8,51.78,111.84,368.19,830.74,1.2,None,0
25,Pen_B,18,Nigerian Local,Grower,Late Rainy,Healthy,432,40.0,91.5,37.6,102.63,405.79,881.36,1.2,Heat stress,0
25,Pen_B,19,Nigerian Local,Grower,Late Rainy,Recovering,432,31.3,81.7,24.07,56.1,429.86,881.36,1.899,Disease symptoms,0
25,Pen_B,20,Nigerian Local,Grower,Late Rainy,Healthy,432,33.5,74.9,51.26,131.65,481.12,999.67,1.2,None,0
25,Pen_B,21,Nigerian Local,Grower,Late Rainy,Mild Stress,432,33.0,89.2,47.38,114.82,528.49,999.67,1.2,Dirty/wet litter,0
25,Pen_B,22,Nigerian Local,Grower,Late Rainy,Mild Stress,432,33.8,74.1,67.78,169.14,596.28,1042.38,1.2,None,0
25,Pen_B,23,Nigerian Local,Grower,Late Rainy,Healthy,432,31.8,83.1,74.14,174.8,670.42,1172.65,1.2,None,0
25,Pen_B,24,Nigerian Local,Grower,Late Rainy,Healthy,432,38.7,89.7,59.13,173.21,729.55,1172.65,1.2,Heat stress,1
25,Pen_B,25,Nigerian Local,Grower,Late Rainy,Recovering,432,28.8,83.4,30.92,70.09,760.47,1172.65,2.18,Disease symptoms,0
25,Pen_B,26,Nigerian Local,Grower,Late Rainy,Mild Stress,432,36.3,95.8,59.77,160.57,820.24,1172.65,1.2,Poor ventilation,1
25,Pen_B,27,Nigerian Local,Grower,Late Rainy,Healthy,432,30.0,81.3,75.81,172.97,896.05,1411.0,1.2,None,0
25,Pen_B,28,Nigerian Local,Grower,Late Rainy,Recovering,432,35.7,86.7,29.31,85.15,925.35,1411.0,2.019,Mouldy feed,1
25,Pen_B,29,Nigerian Local,Finisher,Late Rainy,Healthy,432,29.1,84.9,99.01,215.11,1024.36,1411.0,1.2,None,0
25,Pen_B,30,Nigerian Local,Finisher,Late Rainy,Healthy,432,31.5,75.9,103.64,253.48,1128.0,1433.33,1.2,None,0
25,Pen_B,31,Nigerian Local,Finisher,Late Rainy,Recovering,432,28.5,81.1,36.89,81.03,1164.89,1433.33,1.2,High deaths,1
25,Pen_B,32,Nigerian Local,Finisher,Late Rainy,Mild Stress,432,30.3,81.3,87.27,198.5,1252.16,1433.33,1.2,None,0
25,Pen_B,33,Nigerian Local,Finisher,Late Rainy,Healthy,432,30.5,84.3,96.11,213.56,1348.27,1582.07,1.2,None,0
25,Pen_B,34,Nigerian Local,Finisher,Late Rainy,Mild Stress,432,26.5,76.9,63.54,135.51,1411.81,1582.07,1.576,Low appetite,1
25,Pen_B,35,Nigerian Local,Finisher,Late Rainy,Mild Stress,432,30.0,81.6,68.76,160.76,1480.56,1582.07,1.865,Very poor weight gain,1
25,Pen_B,36,Nigerian Local,Finisher,Late Rainy,Mild Stress,432,35.2,92.3,91.2,233.63,1571.76,1582.07,1.2,Dirty/wet litter,0
25,Pen_B,37,Nigerian Local,Finisher,Late Rainy,Healthy,432,29.2,87.4,114.78,255.62,1686.54,1614.45,1.2,None,0
25,Pen_B,38,Nigerian Local,Finisher,Late Rainy,Healthy,432,28.2,78.0,116.68,251.6,1803.22,1706.82,1.2,None,1
25,Pen_B,39,Nigerian Local,Finisher,Late Rainy,Healthy,432,29.0,84.2,120.39,266.29,1923.61,1814.43,1.2,None,0
25,Pen_B,40,Nigerian Local,Finisher,Late Rainy,Healthy,432,29.0,78.5,120.46,267.82,2044.08,1814.43,1.2,None,0
25,Pen_B,41,Nigerian Local,Finisher,Late Rainy,Healthy,432,28.7,94.7,111.47,248.21,2155.54,1814.43,1.256,Very high humidity,0
25,Pen_B,42,Nigerian Local,Finisher,Late Rainy,Mild Stress,432,32.7,82.8,57.76,143.87,2213.3,1814.43,2.135,Low appetite,1
26,Pen_C,1,Cobb 500,Starter,Peak Rainy,Healthy,342,22.5,77.5,16.36,33.4,16.36,325.75,1.2,None,0
26,Pen_C,2,Cobb 500,Starter,Peak Rainy,Recovering,342,24.2,80.3,5.0,20.0,21.36,325.75,1.2,High deaths,1
26,Pen_C,3,Cobb 500,Starter,Peak Rainy,Mild Stress,342,23.9,76.5,7.68,20.0,29.04,325.75,2.242,Very poor weight gain,0
26,Pen_C,4,Cobb 500,Starter,Peak Rainy,Healthy,342,24.9,93.2,14.1,26.44,43.13,429.21,1.2,None,0
26,Pen_C,5,Cobb 500,Starter,Peak Rainy,Healthy,342,26.9,82.3,14.58,28.63,57.72,474.28,1.2,None,0
26,Pen_C,6,Cobb 500,Starter,Peak Rainy,Healthy,342,27.5,83.0,16.34,28.22,74.05,521.27,1.2,None,0
26,Pen_C,7,Cobb 500,Starter,Peak Rainy,Healthy,342,24.8,74.3,13.06,26.51,87.11,563.78,1.2,None,0
26,Pen_C,8,Cobb 500,Starter,Peak Rainy,Mild Stress,342,25.9,71.9,28.68,56.13,115.8,563.78,1.2,None,0
26,Pen_C,9,Cobb 500,Starter,Peak Rainy,Mild Stress,342,26.3,79.5,36.21,65.43,152.01,598.26,1.2,None,1
26,Pen_C,10,Cobb 500,Starter,Peak Rainy,Healthy,342,24.6,83.3,40.29,72.54,192.3,694.86,1.2,None,0
26,Pen_C,11,Cobb 500,Starter,Peak Rainy,Mild Stress,342,34.7,84.8,26.43,65.94,218.73,694.86,1.2,Poor ventilation,0
26,Pen_C,12,Cobb 500,Starter,Peak Rainy,Mild Stress,342,23.7,70.8,18.84,35.44,237.57,694.86,1.979,Low appetite,1
26,Pen_C,13,Cobb 500,Starter,Peak Rainy,Healthy,342,25.7,96.6,30.73,61.6,268.3,900.18,1.2,Very high humidity,0
26,Pen_C,14,Cobb 500,Starter,Peak Rainy,Healthy,342,26.4,77.1,32.98,68.13,301.29,966.33,1.2,None,0
26,Pen_C,15,Cobb 500,Grower,Peak Rainy,Healthy,342,27.7,80.6,66.74,149.22,368.02,968.81,1.2,None,0
26,Pen_C,16,Cobb 500,Grower,Peak Rainy,Healthy,342,28.4,74.7,64.44,145.31,432.47,1087.38,1.2,None,0
26,Pen_C,17,Cobb 500,Grower,Peak Rainy,Post-Vaccination,342,23.5,74.6,58.5,117.34,490.97,1091.0,1.2,None,0
26,Pen_C,18,Cobb 500,Grower,Peak Rainy,Recovering,342,25.4,75.1,51.75,109.97,542.72,1093.62,1.2,None,0
26,Pen_C,19,Cobb 500,Grower,Peak Rainy,Healthy,342,25.9,81.1,61.1,126.17,603.82,1319.16,1.2,None,0
26,Pen_C,20,Cobb 500,Grower,Peak Rainy,Recovering,342,24.9,73.0,48.93,84.16,652.75,1319.16,1.2,None,0
26,Pen_C,21,Cobb 500,Grower,Peak Rainy,Healthy,342,27.4,79.0,68.9,156.44,721.65,1431.39,1.2,None,0
26,Pen_C,22,Cobb 500,Grower,Peak Rainy,Mild Stress,342,36.9,82.3,76.67,207.2,798.31,1431.39,1.2,Dirty/wet litter,0
26,Pen_C,23,Cobb 500,Grower,Peak Rainy,Recovering,342,32.0,96.0,32.93,77.13,831.24,1431.39,2.018,Mouldy feed,1
26,Pen_C,24,Cobb 500,Grower,Peak Rainy,Healthy,342,25.0,80.8,97.59,188.42,928.83,1640.48,1.2,None,0
26,Pen_C,25,Cobb 500,Grower,Peak Rainy,Recovering,342,26.5,78.7,75.75,158.38,1004.58,1640.48,1.2,None,1
26,Pen_C,26,Cobb 500,Grower,Peak Rainy,Mild Stress,342,25.7,81.8,85.74,177.54,1090.32,1710.71,1.2,None,1
26,Pen_C,27,Cobb 500,Grower,Peak Rainy,Healthy,342,24.9,78.0,100.02,202.04,1190.33,1940.38,1.2,None,0
26,Pen_C,28,Cobb 500,Grower,Peak Rainy,Mild Stress,342,25.5,81.8,86.85,176.55,1277.18,1940.38,1.2,None,1
26,Pen_C,29,Cobb 500,Finisher,Peak Rainy,Healthy,342,37.9,76.4,94.3,257.63,1371.48,1940.38,1.2,Heat stress,0
26,Pen_C,30,Cobb 500,Finisher,Peak Rainy,Healthy,342,28.6,70.3,125.79,276.84,1497.27,2081.9,1.2,None,0
26,Pen_C,31,Cobb 500,Finisher,Peak Rainy,Healthy,342,22.6,83.6,123.75,244.35,1621.02,2081.9,1.2,None,0
26,Pen_C,32,Cobb 500,Finisher,Peak Rainy,Healthy,342,25.0,78.6,122.39,232.98,1743.41,2197.83,1.2,None,0
26,Pen_C,33,Cobb 500,Finisher,Peak Rainy,Post-Vaccination,342,25.0,77.5,106.53,206.71,1849.94,2197.83,1.2,None,0
26,Pen_C,34,Cobb 500,Finisher,Peak Rainy,Mild Stress,342,24.9,83.3,107.34,221.92,1957.29,2197.83,1.2,None,0
26,Pen_C,35,Cobb 500,Finisher,Peak Rainy,Recovering,342,24.8,70.0,62.02,131.87,2019.3,2197.83,2.232,Disease symptoms,0
26,Pen_C,36,Cobb 500,Finisher,Peak Rainy,Recovering,342,25.3,78.1,70.64,147.84,2089.94,2197.83,1.2,High deaths,0
26,Pen_C,37,Cobb 500,Finisher,Peak Rainy,Mild Stress,342,25.6,76.3,69.05,134.59,2159.0,2197.83,1.859,Low appetite,0
26,Pen_C,38,Cobb 500,Finisher,Peak Rainy,Healthy,342,24.3,78.9,148.36,300.61,2307.36,2428.35,1.2,None,0
26,Pen_C,39,Cobb 500,Finisher,Peak Rainy,Recovering,342,24.6,71.2,68.86,142.52,2376.22,2428.35,1.774,Disease symptoms,0
26,Pen_C,40,Cobb 500,Finisher,Peak Rainy,Recovering,342,24.9,79.3,72.26,138.69,2448.48,2428.35,1.2,High deaths,0
26,Pen_C,41,Cobb 500,Finisher,Peak Rainy,Post-Vaccination,342,27.8,92.6,119.58,260.17,2568.07,2428.35,1.2,Very high humidity,0
26,Pen_C,42,Cobb 500,Finisher,Peak Rainy,Healthy,342,25.3,76.5,149.22,293.61,2717.28,2564.5,1.2,None,0
27,Pen_D,1,Nigerian Local,Starter,Early Rainy,Healthy,364,30.4,80.6,12.35,29.8,12.35,231.01,1.2,None,0
27,Pen_D,2,Nigerian Local,Starter,Early Rainy,Healthy,364,35.2,82.0,11.67,28.21,24.02,261.75,1.2,None,0
27,Pen_D,3,Nigerian Local,Starter,Early Rainy,Mild Stress,364,41.7,77.1,6.67,20.0,30.7,266.19,1.2,Heat stress,1
27,Pen_D,4,Nigerian Local,Starter,Early Rainy,Recovering,364,33.5,77.1,7.33,20.0,38.02,266.19,1.913,Disease symptoms,0
27,Pen_D,5,Nigerian Local,Starter,Early Rainy,Healthy,364,31.7,75.1,11.67,27.57,49.69,331.33,1.2,None,0
27,Pen_D,6,Nigerian Local,Starter,Early Rainy,Healthy,364,35.4,73.9,12.14,27.1,61.83,367.91,1.2,None,0
27,Pen_D,7,Nigerian Local,Starter,Early Rainy,Healthy,364,32.2,85.8,10.71,28.71,72.54,420.09,1.2,None,1
27,Pen_D,8,Nigerian Local,Starter,Early Rainy,Post-Vaccination,364,34.1,72.3,21.61,51.22,94.15,420.09,1.2,None,0
27,Pen_D,9,Nigerian Local,Starter,Early Rainy,Recovering,364,35.4,86.5,13.23,35.05,107.38,420.09,2.249,Mouldy feed,1
27,Pen_D,10,Nigerian Local,Starter,Early Rainy,Mild Stress,364,34.4,89.0,24.23,68.47,131.61,420.09,1.2,Poor ventilation,0
27,Pen_D,11,Nigerian Local,Starter,Early Rainy,Healthy,364,33.0,80.7,26.74,56.53,158.35,521.55,1.2,None,0
27,Pen_D,12,Nigerian Local,Starter,Early Rainy,Healthy,364,34.6,82.2,21.98,50.75,180.33,565.97,1.2,None,0
27,Pen_D,13,Nigerian Local,Starter,Early Rainy,Healthy,364,31.6,80.9,30.65,71.4,210.99,635.55,1.2,None,0
27,Pen_D,14,Nigerian Local,Starter,Early Rainy,Post-Vaccination,364,32.0,83.6,15.1,35.29,226.09,635.55,1.2,Vaccination stress,1
27,Pen_D,15,Nigerian Local,Grower,Early Rainy,Healthy,364,35.6,84.1,49.02,130.06,275.11,748.48,1.2,None,0
27,Pen_D,16,Nigerian Local,Grower,Early Rainy,Healthy,364,34.7,77.0,48.35,125.92,323.46,748.48,1.2,None,0
27,Pen_D,17,Nigerian Local,Grower,Early Rainy,Healthy,364,35.2,86.5,43.77,114.65,367.22,782.7,1.2,None,0
27,Pen_D,18,Nigerian Local,Grower,Early Rainy,Healthy,364,32.7,86.5,49.33,126.14,416.55,862.64,1.2,None,0
27,Pen_D,19,Nigerian Local,Grower,Early Rainy,Recovering,364,35.2,83.8,37.23,100.16,453.78,862.64,1.2,None,0
27,Pen_D,20,Nigerian Local,Grower,Early Rainy,Mild Stress,364,37.7,95.4,36.82,107.38,490.6,876.24,1.2,Poor ventilation,0
27,Pen_D,21,Nigerian Local,Grower,Early Rainy,Post-Vaccination,364,31.6,81.4,28.49,56.02,519.1,903.96,1.2,Vaccination stress,1
27,Pen_D,22,Nigerian Local,Grower,Early Rainy,Healthy,364,35.9,76.5,70.97,194.94,590.06,1121.68,1.2,None,0
27,Pen_D,23,Nigerian Local,Grower,Early Rainy,Healthy,364,37.2,79.4,61.99,170.65,652.05,1194.76,1.2,None,0
27,Pen_D,24,Nigerian Local,Grower,Early Rainy,Mild Stress,364,32.3,85.8,31.81,87.26,683.86,1194.76,2.3,Low appetite,1
27,Pen_D,25,Nigerian Local,Grower,Early Rainy,Recovering,364,31.6,80.1,58.44,140.91,742.3,1194.76,1.2,None,0
27,Pen_D,26,Nigerian Local,Grower,Early Rainy,Mild Stress,364,33.1,72.4,39.92,98.31,782.22,1194.76,1.621,Low appetite,0
27,Pen_D,27,Nigerian Local,Grower,Early Rainy,Healthy,364,34.7,74.1,70.37,186.91,852.59,1371.38,1.2,None,0
27,Pen_D,28,Nigerian Local,Grower,Early Rainy,Recovering,364,31.2,92.1,57.06,132.88,909.65,1371.38,1.2,None,1
27,Pen_D,29,Nigerian Local,Finisher,Early Rainy,Mild Stress,364,35.3,80.9,78.91,199.13,988.56,1371.38,1.2,None,0
27,Pen_D,30,Nigerian Local,Finisher,Early Rainy,Mild Stress,364,32.6,73.2,89.91,220.45,1078.47,1414.12,1.2,None,1
27,Pen_D,31,Nigerian Local,Finisher,Early Rainy,Healthy,364,34.7,74.6,90.75,230.49,1169.22,1516.21,1.2,None,0
27,Pen_D,32,Nigerian Local,Finisher,Early Rainy,Healthy,364,34.6,77.0,89.04,224.87,1258.26,1519.29,1.2,None,0
27,Pen_D,33,Nigerian Local,Finisher,Early Rainy,Healthy,364,35.4,90.6,81.29,213.07,1339.55,1570.58,1.2,None,0
27,Pen_D,34,Nigerian Local,Finisher,Early Rainy,Mild Stress,364,31.4,84.0,42.75,95.82,1382.3,1570.58,2.214,Low appetite,0
27,Pen_D,35,Nigerian Local,Finisher,Early Rainy,Healthy,364,33.5,81.2,99.21,255.42,1481.51,1623.29,1.2,None,0
27,Pen_D,36,Nigerian Local,Finisher,Early Rainy,Recovering,364,32.2,80.9,94.27,234.09,1575.78,1623.29,1.2,None,0
27,Pen_D,37,Nigerian Local,Finisher,Early Rainy,Healthy,364,33.2,87.6,115.79,288.01,1691.57,1712.27,1.2,Very high humidity,1
27,Pen_D,38,Nigerian Local,Finisher,Early Rainy,Healthy,364,34.9,77.6,101.49,263.08,1793.05,1712.27,1.2,None,0
27,Pen_D,39,Nigerian Local,Finisher,Early Rainy,Healthy,364,33.4,79.4,122.29,309.6,1915.34,1811.6,1.2,None,0
27,Pen_D,40,Nigerian Local,Finisher,Early Rainy,Healthy,364,33.8,89.8,117.5,305.28,2032.84,1873.19,1.2,None,0
27,Pen_D,41,Nigerian Local,Finisher,Early Rainy,Healthy,364,36.6,81.1,108.98,295.29,2141.81,1873.19,1.2,None,0
27,Pen_D,42,Nigerian Local,Finisher,Early Rainy,Recovering,364,35.1,91.6,50.97,130.23,2192.79,1873.19,2.279,Mouldy feed,1
28,Pen_E,1,Cobb 500,Starter,Late Rainy,Healthy,792,29.4,79.1,11.56,20.0,11.56,321.71,1.2,None,1
28,Pen_E,2,Cobb 500,Starter,Late Rainy,Healthy,792,28.2,79.8,13.32,29.1,24.88,379.48,1.2,None,0
28,Pen_E,3,Cobb 500,Starter,Late Rainy,Mild Stress,792,26.3,80.3,17.5,40.86,42.38,379.48,1.2,None,0
28,Pen_E,4,Cobb 500,Starter,Late Rainy,Healthy,792,27.6,80.0,14.65,27.92,57.03,446.89,1.2,None,0
28,Pen_E,5,Cobb 500,Starter,Late Rainy,Recovering,792,25.7,78.7,5.22,20.0,62.25,446.89,1.709,Disease symptoms,1
28,Pen_E,6,Cobb 500,Starter,Late Rainy,Mild Stress,792,25.3,76.7,6.52,20.0,68.77,446.89,1.962,Low appetite,0
28,Pen_E,7,Cobb 500,Starter,Late Rainy,Healthy,792,24.5,86.9,16.54,36.84,85.31,540.63,1.2,None,0
28,Pen_E,8,Cobb 500,Starter,Late Rainy,Healthy,792,37.5,77.3,28.01,84.41,113.32,575.22,1.2,Heat stress,1
28,Pen_E,9,Cobb 500,Starter,Late Rainy,Healthy,792,25.4,83.0,36.45,74.93,149.78,651.35,1.2,None,0
28,Pen_E,10,Cobb 500,Starter,Late Rainy,Healthy,792,28.6,81.7,32.79,69.01,182.56,684.13,1.2,None,0
28,Pen_E,11,Cobb 500,Starter,Late Rainy,Recovering,792,24.6,82.3,13.47,34.2,196.03,684.13,1.2,High deaths,0
28,Pen_E,12,Cobb 500,Starter,Late Rainy,Mild Stress,792,34.0,82.1,25.02,62.76,221.05,684.13,1.2,Dirty/wet litter,1
28,Pen_E,13,Cobb 500,Starter,Late Rainy,Post-Vaccination,792,27.3,80.8,19.16,44.92,240.21,792.43,1.2,Vaccination stress,0
28,Pen_E,14,Cobb 500,Starter,Late Rainy,Healthy,792,25.3,83.6,34.7,72.73,274.91,960.54,1.2,None,0
28,Pen_E,15,Cobb 500,Grower,Late Rainy,Mild Stress,792,26.9,80.2,28.51,63.53,303.42,960.54,1.782,Low appetite,1
28,Pen_E,16,Cobb 500,Grower,Late Rainy,Healthy,792,25.3,92.0,65.17,132.7,368.59,1015.64,1.2,Very high humidity,0
28,Pen_E,17,Cobb 500,Grower,Late Rainy,Recovering,792,23.3,81.1,29.13,56.04,397.72,1015.64,2.239,Disease symptoms,1
28,Pen_E,18,Cobb 500,Grower,Late Rainy,Mild Stress,792,26.4,78.3,49.56,100.99,447.28,1015.64,1.755,Very poor weight gain,0
28,Pen_E,19,Cobb 500,Grower,Late Rainy,Healthy,792,39.3,81.9,50.52,145.48,497.8,1320.1,1.2,Heat stress,0
28,Pen_E,20,Cobb 500,Grower,Late Rainy,Recovering,792,27.4,84.0,48.46,98.4,546.26,1320.1,1.2,None,1
28,Pen_E,21,Cobb 500,Grower,Late Rainy,Mild Stress,792,36.5,84.9,50.9,135.86,597.16,1320.1,1.2,Poor ventilation,0
28,Pen_E,22,Cobb 500,Grower,Late Rainy,Recovering,792,37.8,79.6,58.67,162.83,655.84,1320.1,1.2,Heat stress,0
28,Pen_E,23,Cobb 500,Grower,Late Rainy,Healthy,792,26.2,76.3,95.26,198.25,751.1,1548.2,1.2,None,0
28,Pen_E,24,Cobb 500,Grower,Late Rainy,Healthy,792,24.3,80.5,97.34,197.55,848.44,1677.36,1.2,None,0
28,Pen_E,25,Cobb 500,Grower,Late Rainy,Post-Vaccination,792,25.2,75.1,82.23,167.27,930.67,1677.36,1.2,None,0
28,Pen_E,26,Cobb 500,Grower,Late Rainy,Healthy,792,27.7,79.3,99.89,226.9,1030.56,1789.97,1.2,None,0
28,Pen_E,27,Cobb 500,Grower,Late Rainy,Healthy,792,28.7,71.6,98.84,223.8,1129.4,1911.56,1.2,None,0
28,Pen_E,28,Cobb 500,Grower,Late Rainy,Healthy,792,27.0,78.3,94.9,206.04,1224.3,1931.06,1.2,None,0
28,Pen_E,29,Cobb 500,Finisher,Late Rainy,Mild Stress,792,26.1,92.4,62.36,120.98,1286.66,1931.06,1.964,Low appetite,0
28,Pen_E,30,Cobb 500,Finisher,Late Rainy,Healthy,792,26.9,75.8,121.49,247.27,1408.15,2111.57,1.2,None,0
28,Pen_E,31,Cobb 500,Finisher,Late Rainy,Mild Stress,792,37.0,95.8,75.72,202.92,1483.86,2111.57,1.2,Poor ventilation,1
28,Pen_E,32,Cobb 500,Finisher,Late Rainy,Recovering,792,25.7,74.7,97.63,200.83,1581.5,2111.57,1.2,None,0
28,Pen_E,33,Cobb 500,Finisher,Late Rainy,Post-Vaccination,792,27.3,77.3,103.56,219.84,1685.05,2111.57,1.2,None,0
28,Pen_E,34,Cobb 500,Finisher,Late Rainy,Recovering,792,23.7,82.7,62.69,118.46,1747.74,2111.57,1.2,High deaths,1
28,Pen_E,35,Cobb 500,Finisher,Late Rainy,Healthy,792,25.8,75.2,121.82,240.21,1869.56,2357.43,1.2,None,0
28,Pen_E,36,Cobb 500,Finisher,Late Rainy,Mild Stress,792,32.4,86.9,130.19,325.0,1999.74,2357.43,1.2,Dirty/wet litter,0
28,Pen_E,37,Cobb 500,Finisher,Late Rainy,Healthy,792,25.5,81.7,143.85,290.22,2143.6,2357.43,1.2,None,0
28,Pen_E,38,Cobb 500,Finisher,Late Rainy,Mild Stress,792,36.6,89.0,115.98,317.39,2259.58,2357.43,1.2,Dirty/wet litter,1
28,Pen_E,39,Cobb 500,Finisher,Late Rainy,Mild Stress,792,26.1,85.0,88.58,184.11,2348.16,2357.43,1.922,Low appetite,0
28,Pen_E,40,Cobb 500,Finisher,Late Rainy,Mild Stress,792,25.2,78.2,94.84,190.98,2443.0,2357.43,1.824,Very poor weight gain,0
28,Pen_E,41,Cobb 500,Finisher,Late Rainy,Recovering,792,25.5,83.6,113.9,229.7,2556.9,2357.43,1.2,None,1
28,Pen_E,42,Cobb 500,Finisher,Late Rainy,Healthy,792,24.5,82.9,145.31,290.9,2702.21,2517.22,1.2,None,0
29,Pen_F,1,Noiler,Starter,Early Rainy,Healthy,879,26.7,80.4,15.34,38.48,15.34,271.94,1.2,None,0
29,Pen_F,2,Noiler,Starter,Early Rainy,Healthy,879,29.7,81.7,15.54,41.36,30.89,307.16,1.2,None,0
29,Pen_F,3,Noiler,Starter,Early Rainy,Mild Stress,879,26.8,73.3,10.07,20.36,40.95,307.16,1.2,None,0
29,Pen_F,4,Noiler,Starter,Early Rainy,Healthy,879,27.9,78.9,11.5,27.37,52.45,358.84,1.2,None,0
29,Pen_F,5,Noiler,Starter,Early Rainy,Healthy,879,29.3,80.2,15.2,31.68,67.65,384.06,1.2,None,0
29,Pen_F,6,Noiler,Starter,Early Rainy,Mild Stress,879,29.2,83.8,8.02,20.0,75.67,384.06,1.695,Very poor weight gain,1
29,Pen_F,7,Noiler,Starter,Early Rainy,Healthy,879,27.2,97.4,13.09,36.34,88.76,451.22,1.2,Very high humidity,0
29,Pen_F,8,Noiler,Starter,Early Rainy,Healthy,879,29.7,82.6,29.72,60.15,118.48,457.23,1.2,None,0
29,Pen_F,9,Noiler,Starter,Early Rainy,Healthy,879,28.3,77.2,27.93,61.32,146.42,494.14,1.2,None,0
29,Pen_F,10,Noiler,Starter,Early Rainy,Mild Stress,879,28.9,83.7,29.86,67.65,176.28,575.58,1.2,None,0
29,Pen_F,11,Noiler,Starter,Early Rainy,Recovering,879,28.5,79.0,10.95,21.96,187.24,575.58,1.78,Disease symptoms,0
29,Pen_F,12,Noiler,Starter,Early Rainy,Healthy,879,25.5,77.6,30.97,57.13,218.21,649.79,1.2,None,0
29,Pen_F,13,Noiler,Starter,Early Rainy,Healthy,879,27.1,73.5,32.47,67.27,250.67,726.26,1.2,None,0
29,Pen_F,14,Noiler,Starter,Early Rainy,Mild Stress,879,29.3,85.6,27.48,65.55,278.16,726.26,1.2,None,0
29,Pen_F,15,Noiler,Grower,Early Rainy,Healthy,879,29.1,84.6,53.85,119.48,332.0,828.32,1.2,None,0
29,Pen_F,16,Noiler,Grower,Early Rainy,Healthy,879,26.4,87.1,57.19,121.9,389.2,857.11,1.2,None,0
29,Pen_F,17,Noiler,Grower,Early Rainy,Recovering,879,35.4,93.0,25.04,67.03,414.24,857.11,2.008,Mouldy feed,1
29,Pen_F,18,Noiler,Grower,Early Rainy,Healthy,879,30.5,83.8,57.43,135.21,471.67,1015.98,1.2,None,0
29,Pen_F,19,Noiler,Grower,Early Rainy,Post-Vaccination,879,27.1,80.5,51.89,106.67,523.56,1015.98,1.2,None,0
29,Pen_F,20,Noiler,Grower,Early Rainy,Mild Stress,879,26.7,78.8,50.18,110.45,573.74,1015.98,1.2,None,0
29,Pen_F,21,Noiler,Grower,Early Rainy,Healthy,879,29.1,79.9,55.66,122.45,629.4,1178.36,1.2,None,0
29,Pen_F,22,Noiler,Grower,Early Rainy,Healthy,879,27.3,83.9,84.96,183.7,714.36,1222.4,1.2,None,0
29,Pen_F,23,Noiler,Grower,Early Rainy,Recovering,879,29.2,68.1,67.62,151.46,781.98,1222.4,1.2,None,0
29,Pen_F,24,Noiler,Grower,Early Rainy,Recovering,879,28.0,78.0,32.73,65.47,814.71,1222.4,1.2,High deaths,0
29,Pen_F,25,Noiler,Grower,Early Rainy,Healthy,879,29.6,84.1,85.64,192.76,900.35,1373.28,1.2,None,0
29,Pen_F,26,Noiler,Grower,Early Rainy,Recovering,879,26.7,78.1,37.81,72.05,938.15,1373.28,1.811,Disease symptoms,1
29,Pen_F,27,Noiler,Grower,Early Rainy,Healthy,879,28.1,86.4,86.2,183.21,1024.35,1529.55,1.2,None,0
29,Pen_F,28,Noiler,Grower,Early Rainy,Healthy,879,26.6,74.0,85.2,173.45,1109.55,1552.05,1.2,None,0
29,Pen_F,29,Noiler,Finisher,Early Rainy,Healthy,879,31.3,84.1,106.41,256.16,1215.96,1598.67,1.2,None,0
29,Pen_F,30,Noiler,Finisher,Early Rainy,Healthy,879,31.5,82.2,105.89,252.49,1321.85,1678.81,1.2,None,0
29,Pen_F,31,Noiler,Finisher,Early Rainy,Mild Stress,879,28.8,81.9,52.57,118.77,1374.42,1678.81,1.656,Low appetite,1
29,Pen_F,32,Noiler,Finisher,Early Rainy,Healthy,879,28.3,77.1,106.8,235.82,1481.22,1824.05,1.2,None,0
29,Pen_F,33,Noiler,Finisher,Early Rainy,Healthy,879,28.7,86.5,104.23,228.0,1585.45,1824.05,1.2,None,0
29,Pen_F,34,Noiler,Finisher,Early Rainy,Healthy,879,28.8,91.5,105.48,240.11,1690.93,1832.93,1.2,None,0
29,Pen_F,35,Noiler,Finisher,Early Rainy,Mild Stress,879,27.4,73.0,100.46,208.1,1791.39,1832.93,1.2,None,0
29,Pen_F,36,Noiler,Finisher,Early Rainy,Healthy,879,25.3,81.0,127.36,258.82,1918.75,1920.53,1.2,None,0
29,Pen_F,37,Noiler,Finisher,Early Rainy,Healthy,879,26.6,82.0,131.91,287.17,2050.66,1920.53,1.2,None,0
29,Pen_F,38,Noiler,Finisher,Early Rainy,Healthy,879,30.3,82.6,128.9,305.39,2179.56,2018.21,1.2,None,0
29,Pen_F,39,Noiler,Finisher,Early Rainy,Healthy,879,30.6,75.3,132.27,312.22,2311.83,2048.97,1.2,None,0
29,Pen_F,40,Noiler,Finisher,Early Rainy,Healthy,879,27.4,85.5,127.45,267.83,2439.28,2048.97,1.223,None,0
29,Pen_F,41,Noiler,Finisher,Early Rainy,Healthy,879,30.0,80.0,128.33,302.32,2567.62,2077.07,1.235,None,0
29,Pen_F,42,Noiler,Finisher,Early Rainy,Healthy,879,28.7,78.6,132.38,296.5,2700.0,2077.07,1.319,None,0
30,Pen_G,1,Marshall,Starter,Early Rainy,Healthy,626,31.5,83.8,14.93,41.53,14.93,304.46,1.2,None,0
30,Pen_G,2,Marshall,Starter,Early Rainy,Healthy,626,31.4,76.7,17.16,43.92,32.09,356.92,1.2,None,0
30,Pen_G,3,Marshall,Starter,Early Rainy,Post-Vaccination,626,32.9,86.5,9.68,27.59,41.77,356.92,1.2,None,0
30,Pen_G,4,Marshall,Starter,Early Rainy,Recovering,626,34.3,89.6,6.76,20.0,48.53,356.92,1.875,Mouldy feed,1
30,Pen_G,5,Marshall,Starter,Early Rainy,Healthy,626,32.5,76.9,9.93,32.11,58.47,465.64,1.2,None,0
30,Pen_G,6,Marshall,Starter,Early Rainy,Recovering,626,33.7,78.0,11.32,31.58,69.79,465.64,1.2,None,0
30,Pen_G,7,Marshall,Starter,Early Rainy,Mild Stress,626,35.9,65.2,10.1,24.96,79.89,516.71,1.2,None,0
30,Pen_G,8,Marshall,Starter,Early Rainy,Mild Stress,626,31.4,90.5,30.09,68.32,109.98,544.86,1.2,None,0
30,Pen_G,9,Marshall,Starter,Early Rainy,Healthy,626,34.4,77.8,29.34,77.61,139.32,586.22,1.2,None,0
30,Pen_G,10,Marshall,Starter,Early Rainy,Healthy,626,34.1,61.2,28.15,67.65,167.47,701.66,1.2,None,0
30,Pen_G,11,Marshall,Starter,Early Rainy,Healthy,626,31.9,75.2,34.5,90.62,201.97,703.83,1.2,None,0
30,Pen_G,12,Marshall,Starter,Early Rainy,Healthy,626,35.7,80.4,28.69,73.39,230.66,825.44,1.2,None,0
30,Pen_G,13,Marshall,Starter,Early Rainy,Healthy,626,32.7,73.8,37.28,97.79,267.94,864.42,1.2,None,0
30,Pen_G,14,Marshall,Starter,Early Rainy,Healthy,626,35.3,78.3,28.52,74.18,296.46,939.58,1.2,None,0
30,Pen_G,15,Marshall,Grower,Early Rainy,Healthy,626,35.3,81.5,53.22,143.89,349.68,958.9,1.2,None,0
30,Pen_G,16,Marshall,Grower,Early Rainy,Healthy,626,32.1,78.9,62.55,148.29,412.23,990.69,1.2,None,0
30,Pen_G,17,Marshall,Grower,Early Rainy,Healthy,626,32.8,82.7,57.65,147.23,469.88,1071.48,1.2,None,0
30,Pen_G,18,Marshall,Grower,Early Rainy,Healthy,626,33.9,82.7,60.08,151.83,529.96,1182.91,1.2,None,0
30,Pen_G,19,Marshall,Grower,Early Rainy,Recovering,626,34.4,74.5,23.26,58.58,553.22,1182.91,1.794,Disease symptoms,0
30,Pen_G,20,Marshall,Grower,Early Rainy,Recovering,626,35.6,76.1,30.36,80.49,583.58,1182.91,1.2,High deaths,0
30,Pen_G,21,Marshall,Grower,Early Rainy,Healthy,626,33.3,74.8,69.85,173.51,653.43,1406.75,1.2,None,0
30,Pen_G,22,Marshall,Grower,Early Rainy,Mild Stress,626,33.0,85.2,78.73,190.94,732.16,1406.75,1.2,None,1
30,Pen_G,23,Marshall,Grower,Early Rainy,Healthy,626,33.5,76.9,94.27,233.99,826.43,1448.06,1.2,None,0
30,Pen_G,24,Marshall,Grower,Early Rainy,Mild Stress,626,34.5,81.7,69.51,178.7,895.93,1564.78,1.2,None,0
30,Pen_G,25,Marshall,Grower,Early Rainy,Post-Vaccination,626,33.6,73.8,53.5,136.89,949.43,1564.78,1.2,Vaccination stress,0
30,Pen_G,26,Marshall,Grower,Early Rainy,Mild Stress,626,34.0,84.2,70.1,168.29,1019.53,1611.62,1.2,None,0
30,Pen_G,27,Marshall,Grower,Early Rainy,Healthy,626,35.4,80.8,82.29,223.36,1101.83,1786.17,1.2,None,0
30,Pen_G,28,Marshall,Grower,Early Rainy,Post-Vaccination,626,33.9,73.1,78.87,206.39,1180.7,1786.17,1.2,None,0
30,Pen_G,29,Marshall,Finisher,Early Rainy,Healthy,626,36.0,78.1,104.71,278.3,1285.4,1841.78,1.2,None,1
30,Pen_G,30,Marshall,Finisher,Early Rainy,Recovering,626,34.3,85.4,76.68,191.21,1362.08,1841.78,1.2,None,0
30,Pen_G,31,Marshall,Finisher,Early Rainy,Recovering,626,30.2,78.9,59.63,137.34,1421.7,1841.78,1.861,Disease symptoms,1
30,Pen_G,32,Marshall,Finisher,Early Rainy,Recovering,626,33.0,80.9,52.33,129.93,1474.04,1841.78,1.2,High deaths,0
30,Pen_G,33,Marshall,Finisher,Early Rainy,Recovering,626,34.2,75.7,39.19,98.85,1513.22,1841.78,2.069,Disease symptoms,1
30,Pen_G,34,Marshall,Finisher,Early Rainy,Recovering,626,33.1,80.4,89.49,221.35,1602.71,1875.4,1.2,None,0
30,Pen_G,35,Marshall,Finisher,Early Rainy,Healthy,626,30.1,77.0,116.7,270.72,1719.41,2190.04,1.2,None,0
30,Pen_G,36,Marshall,Finisher,Early Rainy,Healthy,626,34.5,73.8,129.26,332.12,1848.67,2190.04,1.2,None,0
30,Pen_G,37,Marshall,Finisher,Early Rainy,Healthy,626,33.5,77.7,142.15,353.62,1990.82,2190.04,1.2,None,0
30,Pen_G,38,Marshall,Finisher,Early Rainy,Mild Stress,626,33.7,88.6,125.34,313.45,2116.16,2190.04,1.2,Dirty/wet litter,0
30,Pen_G,39,Marshall,Finisher,Early Rainy,Mild Stress,626,31.8,82.2,98.4,238.0,2214.56,2190.04,1.571,Very poor weight gain,1
30,Pen_G,40,Marshall,Finisher,Early Rainy,Post-Vaccination,626,40.3,88.3,92.83,273.42,2307.39,2200.54,1.2,Heat stress,0
30,Pen_G,41,Marshall,Finisher,Early Rainy,Post-Vaccination,626,31.9,84.0,81.16,203.3,2388.54,2200.54,1.2,Vaccination stress,0
30,Pen_G,42,Marshall,Finisher,Early Rainy,Mild Stress,626,35.7,82.0,58.58,160.67,2447.12,2200.54,1.767,Low appetite,0
31,Pen_H,1,Noiler,Starter,Late Rainy,Recovering,387,34.8,91.4,6.52,20.0,6.52,146.82,1.736,Mouldy feed,1
31,Pen_H,2,Noiler,Starter,Late Rainy,Healthy,387,30.7,83.3,10.59,23.29,17.11,276.72,1.2,None,0
31,Pen_H,3,Noiler,Starter,Late Rainy,Mild Stress,387,27.6,84.4,11.97,26.42,29.08,286.5,1.2,None,0
31,Pen_H,4,Noiler,Starter,Late Rainy,Mild Stress,387,28.1,85.2,9.58,27.63,38.66,286.5,1.944,Very poor weight gain,0
31,Pen_H,5,Noiler,Starter,Late Rainy,Mild Stress,387,27.2,84.6,12.38,25.78,51.04,359.62,1.2,None,0
31,Pen_H,6,Noiler,Starter,Late Rainy,Healthy,387,26.0,78.0,9.99,21.04,61.03,422.04,1.2,None,0
31,Pen_H,7,Noiler,Starter,Late Rainy,Healthy,387,27.7,83.5,17.59,35.64,78.61,457.18,1.2,None,0
31,Pen_H,8,Noiler,Starter,Late Rainy,Healthy,387,26.9,86.6,32.06,69.6,110.67,463.19,1.2,None,0
31,Pen_H,9,Noiler,Starter,Late Rainy,Mild Stress,387,36.8,89.5,24.66,64.5,135.33,463.19,1.2,Poor ventilation,0
31,Pen_H,10,Noiler,Starter,Late Rainy,Recovering,387,29.1,76.7,25.74,57.25,161.08,471.23,1.2,None,0
31,Pen_H,11,Noiler,Starter,Late Rainy,Recovering,387,27.8,76.4,25.33,62.26,186.4,528.85,1.2,None,0
31,Pen_H,12,Noiler,Starter,Late Rainy,Healthy,387,27.9,72.5,30.56,69.84,216.96,669.54,1.2,None,0
31,Pen_H,13,Noiler,Starter,Late Rainy,Healthy,387,27.2,71.4,30.46,67.46,247.42,756.68,1.2,None,0
31,Pen_H,14,Noiler,Starter,Late Rainy,Healthy,387,28.4,73.4,36.31,83.57,283.73,782.75,1.2,None,0
31,Pen_H,15,Noiler,Grower,Late Rainy,Healthy,387,27.2,83.5,57.08,116.0,340.81,838.55,1.2,None,0
31,Pen_H,16,Noiler,Grower,Late Rainy,Mild Stress,387,27.7,78.4,54.07,115.95,394.88,838.55,1.2,None,0
31,Pen_H,17,Noiler,Grower,Late Rainy,Post-Vaccination,387,27.8,82.4,38.68,82.2,433.55,838.55,1.2,Vaccination stress,1
31,Pen_H,18,Noiler,Grower,Late Rainy,Healthy,387,27.3,83.9,57.58,130.58,491.13,1040.04,1.2,None,0
31,Pen_H,19,Noiler,Grower,Late Rainy,Healthy,387,28.8,75.5,56.5,133.76,547.63,1040.04,1.2,None,0
31,Pen_H,20,Noiler,Grower,Late Rainy,Healthy,387,27.1,86.5,56.12,125.37,603.75,1105.84,1.2,Very high humidity,0
31,Pen_H,21,Noiler,Grower,Late Rainy,Healthy,387,39.0,81.3,44.48,115.7,648.23,1229.42,1.2,Heat stress,0
31,Pen_H,22,Noiler,Grower,Late Rainy,Healthy,387,30.4,78.6,86.95,201.08,735.18,1251.99,1.2,None,0
31,Pen_H,23,Noiler,Grower,Late Rainy,Healthy,387,27.5,81.1,83.14,178.71,818.32,1278.1,1.2,None,0
31,Pen_H,24,Noiler,Grower,Late Rainy,Mild Stress,387,28.6,78.9,79.19,176.24,897.52,1278.1,1.2,None,0
31,Pen_H,25,Noiler,Grower,Late Rainy,Healthy,387,27.7,79.4,88.09,190.36,985.6,1385.13,1.2,None,0
31,Pen_H,26,Noiler,Grower,Late Rainy,Mild Stress,387,32.5,93.9,72.98,184.96,1058.58,1385.13,1.2,Dirty/wet litter,0
31,Pen_H,27,Noiler,Grower,Late Rainy,Healthy,387,26.9,79.6,82.83,177.71,1141.41,1603.8,1.2,None,0
31,Pen_H,28,Noiler,Grower,Late Rainy,Healthy,387,26.9,68.3,89.33,191.46,1230.74,1603.8,1.2,None,0
31,Pen_H,29,Noiler,Finisher,Late Rainy,Post-Vaccination,387,28.8,89.5,89.51,202.98,1320.25,1603.8,1.2,Very high humidity,0
31,Pen_H,30,Noiler,Finisher,Late Rainy,Mild Stress,387,33.4,87.3,95.85,234.32,1416.1,1603.8,1.2,Dirty/wet litter,0
31,Pen_H,31,Noiler,Finisher,Late Rainy,Recovering,387,25.8,87.4,83.66,168.67,1499.76,1603.8,1.2,None,0
31,Pen_H,32,Noiler,Finisher,Late Rainy,Mild Stress,387,27.3,83.4,91.65,199.35,1591.41,1654.23,1.2,None,0
31,Pen_H,33,Noiler,Finisher,Late Rainy,Healthy,387,38.0,83.1,78.67,212.63,1670.09,1824.17,1.2,Heat stress,0
31,Pen_H,34,Noiler,Finisher,Late Rainy,Healthy,387,27.2,81.3,104.31,225.24,1774.4,1978.9,1.2,None,0
31,Pen_H,35,Noiler,Finisher,Late Rainy,Healthy,387,25.5,77.7,107.17,211.3,1881.57,1978.9,1.2,None,0
31,Pen_H,36,Noiler,Finisher,Late Rainy,Healthy,387,40.1,84.1,98.26,289.07,1979.83,1978.9,1.2,Heat stress,1
31,Pen_H,37,Noiler,Finisher,Late Rainy,Mild Stress,387,27.6,82.2,114.0,251.18,2093.83,1978.9,1.2,None,0
31,Pen_H,38,Noiler,Finisher,Late Rainy,Healthy,387,29.9,82.2,130.27,289.84,2224.11,1978.9,1.2,None,0
31,Pen_H,39,Noiler,Finisher,Late Rainy,Mild Stress,387,24.6,71.4,120.79,239.52,2344.9,1978.9,1.2,None,0
31,Pen_H,40,Noiler,Finisher,Late Rainy,Post-Vaccination,387,25.7,67.8,111.62,225.86,2456.52,1978.9,1.27,None,0
31,Pen_H,41,Noiler,Finisher,Late Rainy,Healthy,387,27.1,88.1,125.55,269.4,2582.07,2083.35,1.288,None,0
31,Pen_H,42,Noiler,Finisher,Late Rainy,Mild Stress,387,26.9,82.4,65.36,141.53,2647.43,2083.35,2.06,Low appetite,0
32,Pen_A,1,Cobb 500,Starter,Dry/Harmattan,Healthy,821,30.4,46.7,10.4,22.1,10.4,319.47,1.2,None,1
32,Pen_A,2,Cobb 500,Starter,Dry/Harmattan,Mild Stress,821,33.0,90.4,14.51,29.63,24.92,323.17,1.2,Dirty/wet litter,1
32,Pen_A,3,Cobb 500,Starter,Dry/Harmattan,Healthy,821,31.2,56.3,14.96,36.53,39.88,392.63,1.2,None,0
32,Pen_A,4,Cobb 500,Starter,Dry/Harmattan,Healthy,821,33.7,54.7,15.7,38.25,55.58,466.11,1.2,None,0
32,Pen_A,5,Cobb 500,Starter,Dry/Harmattan,Healthy,821,34.3,60.1,13.37,37.64,68.95,492.95,1.2,None,0
32,Pen_A,6,Cobb 500,Starter,Dry/Harmattan,Healthy,821,32.4,52.2,12.4,27.3,81.35,504.74,1.2,None,0
32,Pen_A,7,Cobb 500,Starter,Dry/Harmattan,Recovering,821,40.4,47.9,8.4,30.7,89.76,525.16,1.2,Heat stress,1
32,Pen_A,8,Cobb 500,Starter,Dry/Harmattan,Healthy,821,32.4,93.4,34.43,90.75,124.19,582.3,1.2,Very high humidity,0
32,Pen_A,9,Cobb 500,Starter,Dry/Harmattan,Healthy,821,33.6,56.6,37.39,93.51,161.58,657.51,1.2,None,0
32,Pen_A,10,Cobb 500,Starter,Dry/Harmattan,Post-Vaccination,821,33.6,56.2,19.84,43.95,181.42,657.51,1.2,Vaccination stress,0
32,Pen_A,11,Cobb 500,Starter,Dry/Harmattan,Healthy,821,30.8,96.6,32.75,80.38,214.18,761.4,1.2,Very high humidity,0
32,Pen_A,12,Cobb 500,Starter,Dry/Harmattan,Healthy,821,31.0,59.0,37.22,83.46,251.4,842.5,1.2,None,0
32,Pen_A,13,Cobb 500,Starter,Dry/Harmattan,Healthy,821,33.8,46.4,37.5,97.24,288.89,875.12,1.2,None,0
32,Pen_A,14,Cobb 500,Starter,Dry/Harmattan,Healthy,821,32.3,57.3,37.73,94.35,326.63,945.8,1.2,None,0
32,Pen_A,15,Cobb 500,Grower,Dry/Harmattan,Mild Stress,821,32.0,53.0,55.06,134.83,381.69,945.8,1.2,None,0
32,Pen_A,16,Cobb 500,Grower,Dry/Harmattan,Healthy,821,35.1,54.5,56.66,152.97,438.35,1037.77,1.2,None,0
32,Pen_A,17,Cobb 500,Grower,Dry/Harmattan,Mild Stress,821,33.0,46.1,34.83,85.43,473.18,1037.77,1.844,Very poor weight gain,0
32,Pen_A,18,Cobb 500,Grower,Dry/Harmattan,Healthy,821,32.6,57.3,64.6,157.06,537.78,1272.91,1.2,None,0
32,Pen_A,19,Cobb 500,Grower,Dry/Harmattan,Healthy,821,31.0,61.8,65.24,149.76,603.02,1328.45,1.2,None,0
32,Pen_A,20,Cobb 500,Grower,Dry/Harmattan,Healthy,821,28.6,54.0,63.92,148.54,666.94,1364.11,1.2,None,0
32,Pen_A,21,Cobb 500,Grower,Dry/Harmattan,Healthy,821,31.9,63.0,60.24,138.13,727.18,1506.53,1.2,None,0
32,Pen_A,22,Cobb 500,Grower,Dry/Harmattan,Recovering,821,30.6,58.4,33.76,83.18,760.94,1506.53,1.2,High deaths,1
32,Pen_A,23,Cobb 500,Grower,Dry/Harmattan,Healthy,821,33.0,50.8,97.32,236.33,858.25,1506.53,1.2,None,0
32,Pen_A,24,Cobb 500,Grower,Dry/Harmattan,Post-Vaccination,821,32.0,54.4,54.33,128.04,912.59,1519.37,1.2,Vaccination stress,0
32,Pen_A,25,Cobb 500,Grower,Dry/Harmattan,Healthy,821,33.6,47.1,95.4,234.22,1007.99,1672.49,1.2,None,0
32,Pen_A,26,Cobb 500,Grower,Dry/Harmattan,Healthy,821,30.8,49.3,95.94,218.97,1103.93,1863.29,1.2,None,0
32,Pen_A,27,Cobb 500,Grower,Dry/Harmattan,Healthy,821,33.1,61.9,92.44,244.91,1196.37,1974.17,1.2,None,0
32,Pen_A,28,Cobb 500,Grower,Dry/Harmattan,Healthy,821,32.7,58.8,94.55,234.45,1290.92,2034.08,1.2,None,0
32,Pen_A,29,Cobb 500,Finisher,Dry/Harmattan,Healthy,821,33.2,65.9,120.14,307.19,1411.05,2100.09,1.2,None,0
32,Pen_A,30,Cobb 500,Finisher,Dry/Harmattan,Healthy,821,35.1,57.8,105.04,270.37,1516.09,2100.09,1.2,None,0
32,Pen_A,31,Cobb 500,Finisher,Dry/Harmattan,Post-Vaccination,821,33.0,47.8,76.62,184.96,1592.71,2100.09,1.2,Vaccination stress,0
32,Pen_A,32,Cobb 500,Finisher,Dry/Harmattan,Healthy,821,34.2,59.3,105.11,266.45,1697.82,2249.54,1.2,None,0
32,Pen_A,33,Cobb 500,Finisher,Dry/Harmattan,Mild Stress,821,29.4,59.4,104.14,228.78,1801.96,2249.54,1.2,None,0
32,Pen_A,34,Cobb 500,Finisher,Dry/Harmattan,Recovering,821,31.7,60.6,61.04,137.04,1863.0,2249.54,2.021,Disease symptoms,0
32,Pen_A,35,Cobb 500,Finisher,Dry/Harmattan,Mild Stress,821,36.0,83.2,92.49,245.3,1955.48,2249.54,1.2,Dirty/wet litter,0
32,Pen_A,36,Cobb 500,Finisher,Dry/Harmattan,Mild Stress,821,36.2,94.2,107.61,286.19,2063.1,2249.54,1.2,Poor ventilation,0
32,Pen_A,37,Cobb 500,Finisher,Dry/Harmattan,Mild Stress,821,31.7,43.2,129.36,310.98,2192.46,2252.94,1.2,None,0
32,Pen_A,38,Cobb 500,Finisher,Dry/Harmattan,Healthy,821,34.8,54.3,126.61,321.52,2319.08,2352.21,1.2,None,0
32,Pen_A,39,Cobb 500,Finisher,Dry/Harmattan,Healthy,821,30.7,50.0,145.66,334.47,2464.73,2526.55,1.2,None,0
32,Pen_A,40,Cobb 500,Finisher,Dry/Harmattan,Recovering,821,32.2,59.3,116.03,277.88,2580.76,2526.55,1.2,None,0
32,Pen_A,41,Cobb 500,Finisher,Dry/Harmattan,Healthy,821,32.4,50.1,142.71,354.1,2723.48,2526.55,1.2,None,0
32,Pen_A,42,Cobb 500,Finisher,Dry/Harmattan,Healthy,821,32.7,57.0,146.04,356.77,2869.51,2526.55,1.2,None,0
33,Pen_B,1,Cobb 500,Starter,Late Rainy,Healthy,516,28.6,87.5,14.74,33.93,14.74,339.44,1.2,None,0
33,Pen_B,2,Cobb 500,Starter,Late Rainy,Mild Stress,516,35.8,93.5,10.15,30.47,24.9,339.44,1.2,Poor ventilation,1
33,Pen_B,3,Cobb 500,Starter,Late Rainy,Mild Stress,516,32.6,86.8,10.47,29.26,35.37,339.44,2.128,Very poor weight gain,1
33,Pen_B,4,Cobb 500,Starter,Late Rainy,Healthy,516,30.6,81.6,15.58,31.68,50.95,432.19,1.2,None,0
33,Pen_B,5,Cobb 500,Starter,Late Rainy,Healthy,516,29.5,81.8,14.46,22.67,65.4,488.53,1.2,None,0
33,Pen_B,6,Cobb 500,Starter,Late Rainy,Healthy,516,29.4,84.9,13.12,33.44,78.53,524.67,1.2,None,0
33,Pen_B,7,Cobb 500,Starter,Late Rainy,Healthy,516,28.5,84.2,10.57,20.0,89.09,593.42,1.2,None,0
33,Pen_B,8,Cobb 500,Starter,Late Rainy,Mild Stress,516,36.5,87.1,25.24,60.71,114.33,593.42,1.2,Dirty/wet litter,0
33,Pen_B,9,Cobb 500,Starter,Late Rainy,Healthy,516,28.7,88.8,33.28,74.47,147.61,640.9,1.2,None,0
33,Pen_B,10,Cobb 500,Starter,Late Rainy,Healthy,516,30.7,81.3,35.6,88.3,183.21,685.09,1.2,None,0
33,Pen_B,11,Cobb 500,Starter,Late Rainy,Healthy,516,32.4,85.4,37.4,93.39,220.6,777.11,1.2,None,0
33,Pen_B,12,Cobb 500,Starter,Late Rainy,Recovering,516,29.8,83.7,26.99,67.6,247.59,777.11,1.2,None,0
33,Pen_B,13,Cobb 500,Starter,Late Rainy,Healthy,516,30.3,78.7,38.57,79.59,286.16,896.91,1.2,None,0
33,Pen_B,14,Cobb 500,Starter,Late Rainy,Healthy,516,30.9,77.1,34.75,82.14,320.91,954.02,1.2,None,0
33,Pen_B,15,Cobb 500,Grower,Late Rainy,Healthy,516,31.5,83.7,66.44,162.91,387.35,957.19,1.2,None,0
33,Pen_B,16,Cobb 500,Grower,Late Rainy,Healthy,516,29.3,77.9,63.97,143.18,451.32,1134.88,1.2,None,0
33,Pen_B,17,Cobb 500,Grower,Late Rainy,Recovering,516,31.1,78.9,36.08,90.33,487.4,1134.88,1.2,High deaths,0
33,Pen_B,18,Cobb 500,Grower,Late Rainy,Healthy,516,31.8,77.8,66.56,164.38,553.96,1233.67,1.2,None,0
33,Pen_B,19,Cobb 500,Grower,Late Rainy,Mild Stress,516,33.3,95.2,56.49,136.04,610.45,1233.67,1.2,Poor ventilation,1
33,Pen_B,20,Cobb 500,Grower,Late Rainy,Healthy,516,31.4,88.3,67.12,161.49,677.56,1351.0,1.2,None,0
33,Pen_B,21,Cobb 500,Grower,Late Rainy,Healthy,516,30.6,84.1,62.82,152.27,740.39,1444.02,1.2,None,0
33,Pen_B,22,Cobb 500,Grower,Late Rainy,Recovering,516,30.4,83.3,45.28,107.3,785.67,1444.02,1.2,High deaths,0
33,Pen_B,23,Cobb 500,Grower,Late Rainy,Healthy,516,29.1,84.2,95.88,219.86,881.55,1682.01,1.2,None,0
33,Pen_B,24,Cobb 500,Grower,Late Rainy,Healthy,516,28.5,83.7,94.41,202.2,975.96,1717.79,1.2,None,0
33,Pen_B,25,Cobb 500,Grower,Late Rainy,Healthy,516,29.5,88.0,93.02,212.39,1068.98,1736.4,1.2,None,0
33,Pen_B,26,Cobb 500,Grower,Late Rainy,Healthy,516,32.6,78.5,99.49,238.31,1168.47,1875.38,1.2,None,0
33,Pen_B,27,Cobb 500,Grower,Late Rainy,Healthy,516,31.7,75.6,98.01,231.38,1266.48,1875.38,1.2,None,0
33,Pen_B,28,Cobb 500,Grower,Late Rainy,Healthy,516,28.3,82.7,95.03,206.06,1361.51,2005.18,1.2,None,0
33,Pen_B,29,Cobb 500,Finisher,Late Rainy,Healthy,516,32.7,77.3,119.3,294.41,1480.81,2005.18,1.2,None,0
33,Pen_B,30,Cobb 500,Finisher,Late Rainy,Healthy,516,30.3,74.3,124.07,286.17,1604.89,2029.85,1.2,None,0
33,Pen_B,31,Cobb 500,Finisher,Late Rainy,Healthy,516,32.5,75.0,121.09,287.91,1725.98,2117.55,1.2,None,0
33,Pen_B,32,Cobb 500,Finisher,Late Rainy,Recovering,516,35.1,87.4,47.14,122.0,1773.11,2117.55,1.578,Mouldy feed,1
33,Pen_B,33,Cobb 500,Finisher,Late Rainy,Mild Stress,516,38.2,83.5,81.96,224.2,1855.08,2117.55,1.2,Dirty/wet litter,0
33,Pen_B,34,Cobb 500,Finisher,Late Rainy,Healthy,516,32.7,82.2,124.55,309.57,1979.63,2279.12,1.2,None,0
33,Pen_B,35,Cobb 500,Finisher,Late Rainy,Healthy,516,30.9,76.6,122.76,290.75,2102.38,2279.12,1.2,None,0
33,Pen_B,36,Cobb 500,Finisher,Late Rainy,Healthy,516,31.6,85.8,146.62,351.19,2249.0,2413.54,1.2,None,0
33,Pen_B,37,Cobb 500,Finisher,Late Rainy,Healthy,516,29.3,74.0,150.97,343.35,2399.98,2432.83,1.2,None,0
33,Pen_B,38,Cobb 500,Finisher,Late Rainy,Healthy,516,31.5,89.3,142.54,341.75,2542.52,2518.64,1.2,None,0
33,Pen_B,39,Cobb 500,Finisher,Late Rainy,Recovering,516,31.6,80.7,69.56,165.85,2612.08,2518.64,1.2,High deaths,1
33,Pen_B,40,Cobb 500,Finisher,Late Rainy,Mild Stress,516,34.1,96.0,111.9,282.18,2723.98,2518.64,1.2,Dirty/wet litter,1
33,Pen_B,41,Cobb 500,Finisher,Late Rainy,Post-Vaccination,516,32.5,86.0,77.08,180.21,2801.06,2518.64,1.2,Vaccination stress,1
33,Pen_B,42,Cobb 500,Finisher,Late Rainy,Healthy,516,30.2,83.7,144.72,333.03,2945.78,2518.64,1.257,None,0
34,Pen_C,1,Noiler,Starter,Peak Rainy,Healthy,609,31.8,77.6,14.36,36.96,14.36,267.04,1.2,None,0
34,Pen_C,2,Noiler,Starter,Peak Rainy,Recovering,609,31.5,79.3,16.07,41.67,30.43,267.04,1.2,None,0
34,Pen_C,3,Noiler,Starter,Peak Rainy,Healthy,609,31.0,82.7,9.88,32.75,40.31,329.39,1.2,None,0
34,Pen_C,4,Noiler,Starter,Peak Rainy,Recovering,609,30.5,78.2,9.07,23.92,49.38,329.39,1.2,None,0
34,Pen_C,5,Noiler,Starter,Peak Rainy,Recovering,609,29.4,86.9,5.0,20.0,54.38,329.39,1.594,Disease symptoms,0
34,Pen_C,6,Noiler,Starter,Peak Rainy,Post-Vaccination,609,32.9,82.5,7.96,20.0,62.33,403.67,1.2,Vaccination stress,0
34,Pen_C,7,Noiler,Starter,Peak Rainy,Healthy,609,30.4,81.3,12.3,21.13,74.63,433.43,1.2,None,0
34,Pen_C,8,Noiler,Starter,Peak Rainy,Healthy,609,31.8,82.9,35.86,88.09,110.48,485.66,1.2,None,0
34,Pen_C,9,Noiler,Starter,Peak Rainy,Healthy,609,32.5,80.9,32.98,73.19,143.46,520.17,1.2,None,0
34,Pen_C,10,Noiler,Starter,Peak Rainy,Post-Vaccination,609,30.9,81.3,20.65,45.52,164.11,520.17,1.2,Vaccination stress,0
34,Pen_C,11,Noiler,Starter,Peak Rainy,Mild Stress,609,29.5,80.0,18.44,42.7,182.55,520.17,2.12,Low appetite,0
34,Pen_C,12,Noiler,Starter,Peak Rainy,Healthy,609,31.0,83.9,26.54,63.93,209.09,684.48,1.2,None,0
34,Pen_C,13,Noiler,Starter,Peak Rainy,Mild Stress,609,29.4,79.4,18.07,41.43,227.16,684.48,2.277,Low appetite,0
34,Pen_C,14,Noiler,Starter,Peak Rainy,Healthy,609,30.7,84.6,31.75,73.98,258.91,791.38,1.2,None,0
34,Pen_C,15,Noiler,Grower,Peak Rainy,Recovering,609,31.5,81.4,23.8,57.35,282.71,791.38,1.705,Disease symptoms,1
34,Pen_C,16,Noiler,Grower,Peak Rainy,Healthy,609,39.7,80.1,45.47,131.52,328.18,843.04,1.2,Heat stress,0
34,Pen_C,17,Noiler,Grower,Peak Rainy,Healthy,609,29.6,82.0,57.23,131.78,385.41,931.84,1.2,None,0
34,Pen_C,18,Noiler,Grower,Peak Rainy,Healthy,609,32.1,83.0,55.31,134.53,440.72,953.2,1.2,None,0
34,Pen_C,19,Noiler,Grower,Peak Rainy,Healthy,609,29.8,84.1,55.03,120.23,495.76,1033.33,1.2,None,0
34,Pen_C,20,Noiler,Grower,Peak Rainy,Healthy,609,29.1,76.6,59.99,136.84,555.75,1135.07,1.2,None,0
34,Pen_C,21,Noiler,Grower,Peak Rainy,Healthy,609,29.5,75.9,59.93,147.59,615.68,1217.31,1.2,None,0
34,Pen_C,22,Noiler,Grower,Peak Rainy,Healthy,609,28.2,82.0,85.24,193.07,700.92,1312.16,1.2,None,0
34,Pen_C,23,Noiler,Grower,Peak Rainy,Healthy,609,29.4,77.6,88.16,201.27,789.08,1312.16,1.2,None,0
34,Pen_C,24,Noiler,Grower,Peak Rainy,Healthy,609,31.3,80.8,84.53,197.94,873.61,1338.25,1.2,None,0
34,Pen_C,25,Noiler,Grower,Peak Rainy,Healthy,609,29.1,82.3,83.09,186.26,956.7,1486.23,1.2,None,0
34,Pen_C,26,Noiler,Grower,Peak Rainy,Healthy,609,29.2,77.5,85.08,187.41,1041.78,1486.23,1.2,None,0
34,Pen_C,27,Noiler,Grower,Peak Rainy,Healthy,609,30.1,68.7,88.12,199.63,1129.9,1537.84,1.2,None,0
34,Pen_C,28,Noiler,Grower,Peak Rainy,Healthy,609,28.7,79.5,87.68,201.02,1217.57,1624.26,1.2,None,0
34,Pen_C,29,Noiler,Finisher,Peak Rainy,Healthy,609,28.2,81.0,103.02,230.7,1320.6,1624.26,1.2,None,0
34,Pen_C,30,Noiler,Finisher,Peak Rainy,Post-Vaccination,609,31.1,78.9,63.48,145.38,1384.08,1624.26,1.2,Vaccination stress,0
34,Pen_C,31,Noiler,Finisher,Peak Rainy,Healthy,609,30.5,76.1,107.9,241.69,1491.98,1690.87,1.2,None,0
34,Pen_C,32,Noiler,Finisher,Peak Rainy,Healthy,609,31.0,78.4,107.35,247.94,1599.33,1821.78,1.2,None,0
34,Pen_C,33,Noiler,Finisher,Peak Rainy,Healthy,609,29.2,81.3,107.21,246.48,1706.53,1821.78,1.2,None,0
34,Pen_C,34,Noiler,Finisher,Peak Rainy,Mild Stress,609,31.9,77.8,94.5,232.02,1801.03,1821.78,1.2,None,0
34,Pen_C,35,Noiler,Finisher,Peak Rainy,Healthy,609,32.5,79.7,107.78,264.59,1908.81,2033.1,1.2,None,0
34,Pen_C,36,Noiler,Finisher,Peak Rainy,Mild Stress,609,29.3,75.1,65.5,148.26,1974.31,2033.1,1.992,Low appetite,0
34,Pen_C,37,Noiler,Finisher,Peak Rainy,Mild Stress,609,31.0,86.6,81.78,183.76,2056.09,2033.1,1.727,Very poor weight gain,1
34,Pen_C,38,Noiler,Finisher,Peak Rainy,Healthy,609,31.1,81.0,127.44,305.96,2183.53,2033.1,1.2,None,0
34,Pen_C,39,Noiler,Finisher,Peak Rainy,Post-Vaccination,609,30.9,71.6,113.37,270.55,2296.9,2033.1,1.2,None,0
34,Pen_C,40,Noiler,Finisher,Peak Rainy,Recovering,609,29.1,75.7,46.41,103.75,2343.31,2033.1,1.2,High deaths,1
34,Pen_C,41,Noiler,Finisher,Peak Rainy,Healthy,609,29.6,77.6,128.75,297.79,2472.07,2085.62,1.242,None,0
34,Pen_C,42,Noiler,Finisher,Peak Rainy,Healthy,609,32.3,81.0,128.66,314.12,2600.72,2085.62,1.259,None,0
35,Pen_D,1,Nigerian Local,Starter,Dry/Harmattan,Mild Stress,545,37.6,61.0,10.9,23.49,10.9,220.43,1.2,None,1
35,Pen_D,2,Nigerian Local,Starter,Dry/Harmattan,Healthy,545,35.1,55.0,9.37,30.05,20.27,258.57,1.2,None,0
35,Pen_D,3,Nigerian Local,Starter,Dry/Harmattan,Mild Stress,545,34.2,54.6,5.0,20.0,25.27,258.57,1.959,Very poor weight gain,0
35,Pen_D,4,Nigerian Local,Starter,Dry/Harmattan,Healthy,545,32.8,46.8,13.07,39.54,38.34,312.15,1.2,None,0
35,Pen_D,5,Nigerian Local,Starter,Dry/Harmattan,Mild Stress,545,33.4,85.1,9.33,20.0,47.68,312.15,1.2,Dirty/wet litter,1
35,Pen_D,6,Nigerian Local,Starter,Dry/Harmattan,Healthy,545,35.1,50.2,11.3,37.55,58.98,378.72,1.2,None,0
35,Pen_D,7,Nigerian Local,Starter,Dry/Harmattan,Recovering,545,37.2,94.3,5.0,20.0,63.98,378.72,1.729,Mouldy feed,1
35,Pen_D,8,Nigerian Local,Starter,Dry/Harmattan,Mild Stress,545,35.2,95.6,20.91,61.41,84.89,378.72,1.2,Dirty/wet litter,0
35,Pen_D,9,Nigerian Local,Starter,Dry/Harmattan,Healthy,545,36.0,60.8,27.64,75.43,112.53,447.19,1.2,None,0
35,Pen_D,10,Nigerian Local,Starter,Dry/Harmattan,Post-Vaccination,545,35.9,57.7,21.86,53.94,134.39,447.19,1.2,None,0
35,Pen_D,11,Nigerian Local,Starter,Dry/Harmattan,Mild Stress,545,35.9,58.7,25.21,65.73,159.6,498.01,1.2,None,0
35,Pen_D,12,Nigerian Local,Starter,Dry/Harmattan,Recovering,545,35.6,48.5,7.43,23.79,167.04,498.01,1.2,High deaths,1
35,Pen_D,13,Nigerian Local,Starter,Dry/Harmattan,Recovering,545,34.9,88.5,8.83,24.93,175.87,498.01,1.578,Mouldy feed,0
35,Pen_D,14,Nigerian Local,Starter,Dry/Harmattan,Recovering,545,37.3,44.0,11.05,40.69,186.92,498.01,1.2,High deaths,1
35,Pen_D,15,Nigerian Local,Grower,Dry/Harmattan,Healthy,545,36.3,56.2,45.48,121.81,232.4,709.43,1.2,None,0
35,Pen_D,16,Nigerian Local,Grower,Dry/Harmattan,Healthy,545,34.8,88.3,41.82,103.99,274.21,776.21,1.2,Very high humidity,1
35,Pen_D,17,Nigerian Local,Grower,Dry/Harmattan,Post-Vaccination,545,36.5,58.3,30.1,88.06,304.31,776.21,1.2,Vaccination stress,1
35,Pen_D,18,Nigerian Local,Grower,Dry/Harmattan,Healthy,545,36.4,61.4,44.82,116.42,349.13,833.8,1.2,None,0
35,Pen_D,19,Nigerian Local,Grower,Dry/Harmattan,Recovering,545,32.8,56.8,42.04,100.63,391.17,833.8,1.2,None,0
35,Pen_D,20,Nigerian Local,Grower,Dry/Harmattan,Recovering,545,35.6,86.8,16.78,45.71,407.94,833.8,2.118,Mouldy feed,1
35,Pen_D,21,Nigerian Local,Grower,Dry/Harmattan,Healthy,545,35.9,50.8,45.19,119.87,453.13,1039.11,1.2,None,0
35,Pen_D,22,Nigerian Local,Grower,Dry/Harmattan,Recovering,545,33.4,57.1,28.86,77.94,481.99,1039.11,1.2,High deaths,1
35,Pen_D,23,Nigerian Local,Grower,Dry/Harmattan,Healthy,545,34.9,50.0,65.5,174.0,547.49,1113.45,1.2,None,0
35,Pen_D,24,Nigerian Local,Grower,Dry/Harmattan,Healthy,545,36.0,56.0,67.1,179.0,614.6,1181.04,1.2,None,1
35,Pen_D,25,Nigerian Local,Grower,Dry/Harmattan,Healthy,545,37.5,47.6,59.95,166.51,674.55,1261.85,1.2,None,0
35,Pen_D,26,Nigerian Local,Grower,Dry/Harmattan,Healthy,545,39.0,60.2,54.85,162.81,729.4,1319.02,1.2,Heat stress,0
35,Pen_D,27,Nigerian Local,Grower,Dry/Harmattan,Mild Stress,545,34.8,84.0,58.07,149.88,787.47,1319.02,1.2,Poor ventilation,0
35,Pen_D,28,Nigerian Local,Grower,Dry/Harmattan,Healthy,545,34.0,60.5,73.53,186.04,861.0,1343.53,1.2,None,0
35,Pen_D,29,Nigerian Local,Finisher,Dry/Harmattan,Recovering,545,35.4,49.6,64.91,174.11,925.91,1343.53,1.2,None,0
35,Pen_D,30,Nigerian Local,Finisher,Dry/Harmattan,Healthy,545,35.2,46.3,84.31,219.04,1010.23,1561.65,1.2,None,0
35,Pen_D,31,Nigerian Local,Finisher,Dry/Harmattan,Healthy,545,35.1,65.1,85.85,218.46,1096.07,1561.65,1.2,None,0
35,Pen_D,32,Nigerian Local,Finisher,Dry/Harmattan,Healthy,545,35.7,55.9,86.76,224.28,1182.84,1561.65,1.2,None,0
35,Pen_D,33,Nigerian Local,Finisher,Dry/Harmattan,Healthy,545,34.4,57.1,86.27,226.47,1269.11,1594.72,1.2,None,0
35,Pen_D,34,Nigerian Local,Finisher,Dry/Harmattan,Recovering,545,36.4,54.6,67.11,187.23,1336.22,1594.72,1.2,None,0
35,Pen_D,35,Nigerian Local,Finisher,Dry/Harmattan,Healthy,545,36.4,58.3,85.57,228.49,1421.79,1702.41,1.2,None,0
35,Pen_D,36,Nigerian Local,Finisher,Dry/Harmattan,Healthy,545,34.8,56.3,103.97,270.77,1525.76,1702.41,1.2,None,0
35,Pen_D,37,Nigerian Local,Finisher,Dry/Harmattan,Healthy,545,35.4,52.9,104.47,277.22,1630.23,1708.49,1.2,None,0
35,Pen_D,38,Nigerian Local,Finisher,Dry/Harmattan,Healthy,545,33.6,56.0,117.11,293.33,1747.34,1806.76,1.2,None,0
35,Pen_D,39,Nigerian Local,Finisher,Dry/Harmattan,Healthy,545,36.2,48.6,105.8,279.66,1853.14,1806.76,1.2,None,0
35,Pen_D,40,Nigerian Local,Finisher,Dry/Harmattan,Recovering,545,37.5,93.4,41.81,123.38,1894.95,1806.76,2.29,Mouldy feed,1
35,Pen_D,41,Nigerian Local,Finisher,Dry/Harmattan,Healthy,545,37.1,51.1,91.42,252.2,1986.37,1806.76,1.2,None,0
35,Pen_D,42,Nigerian Local,Finisher,Dry/Harmattan,Recovering,545,34.1,58.6,82.16,209.96,2068.53,1806.76,1.2,None,0
36,Pen_E,1,Nigerian Local,Starter,Early Rainy,Healthy,904,27.2,69.5,12.66,31.04,12.66,225.01,1.2,None,0
36,Pen_E,2,Nigerian Local,Starter,Early Rainy,Post-Vaccination,904,28.8,86.5,8.23,20.0,20.88,225.01,1.2,None,1
36,Pen_E,3,Nigerian Local,Starter,Early Rainy,Post-Vaccination,904,25.7,77.4,10.63,36.54,31.52,244.98,1.2,None,0
36,Pen_E,4,Nigerian Local,Starter,Early Rainy,Recovering,904,29.2,81.7,6.24,20.0,37.75,244.98,1.2,High deaths,0
36,Pen_E,5,Nigerian Local,Starter,Early Rainy,Post-Vaccination,904,30.5,75.2,11.03,29.37,48.78,301.46,1.2,None,0
36,Pen_E,6,Nigerian Local,Starter,Early Rainy,Mild Stress,904,37.2,83.7,9.18,22.21,57.96,301.46,1.2,Dirty/wet litter,1
36,Pen_E,7,Nigerian Local,Starter,Early Rainy,Mild Stress,904,30.8,76.7,7.61,20.0,65.57,377.04,1.2,None,0
36,Pen_E,8,Nigerian Local,Starter,Early Rainy,Mild Stress,904,29.7,87.0,20.31,44.64,85.88,377.04,1.859,Very poor weight gain,1
36,Pen_E,9,Nigerian Local,Starter,Early Rainy,Healthy,904,27.6,74.7,30.47,71.69,116.35,475.68,1.2,None,0
36,Pen_E,10,Nigerian Local,Starter,Early Rainy,Healthy,904,31.6,84.8,28.87,73.11,145.22,497.72,1.2,None,0
36,Pen_E,11,Nigerian Local,Starter,Early Rainy,Healthy,904,27.6,73.7,30.88,72.46,176.1,551.24,1.2,None,0
36,Pen_E,12,Nigerian Local,Starter,Early Rainy,Healthy,904,29.9,81.7,32.81,67.6,208.9,574.52,1.2,None,0
36,Pen_E,13,Nigerian Local,Starter,Early Rainy,Mild Stress,904,32.1,76.1,10.26,23.21,219.16,574.52,2.024,Low appetite,1
36,Pen_E,14,Nigerian Local,Starter,Early Rainy,Recovering,904,35.8,84.3,10.0,21.17,229.16,574.52,2.041,Mouldy feed,1
36,Pen_E,15,Nigerian Local,Grower,Early Rainy,Recovering,904,31.7,82.9,17.37,44.3,246.53,574.52,1.2,High deaths,1
36,Pen_E,16,Nigerian Local,Grower,Early Rainy,Healthy,904,31.1,89.9,50.9,113.06,297.43,774.08,1.2,None,0
36,Pen_E,17,Nigerian Local,Grower,Early Rainy,Healthy,904,28.1,78.4,52.54,119.51,349.97,805.44,1.2,None,0
36,Pen_E,18,Nigerian Local,Grower,Early Rainy,Healthy,904,30.4,77.3,54.65,119.16,404.63,898.69,1.2,None,0
36,Pen_E,19,Nigerian Local,Grower,Early Rainy,Healthy,904,30.5,72.1,53.11,126.44,457.74,934.36,1.2,None,0
36,Pen_E,20,Nigerian Local,Grower,Early Rainy,Recovering,904,31.0,75.4,46.16,104.47,503.9,934.36,1.2,None,0
36,Pen_E,21,Nigerian Local,Grower,Early Rainy,Healthy,904,29.6,79.8,55.02,123.87,558.92,1071.49,1.2,None,0
36,Pen_E,22,Nigerian Local,Grower,Early Rainy,Healthy,904,30.5,76.2,80.63,188.42,639.55,1086.96,1.2,None,0
36,Pen_E,23,Nigerian Local,Grower,Early Rainy,Healthy,904,30.5,84.5,78.49,179.45,718.04,1153.86,1.2,None,0
36,Pen_E,24,Nigerian Local,Grower,Early Rainy,Healthy,904,28.6,76.0,81.19,166.7,799.23,1162.61,1.2,None,0
36,Pen_E,25,Nigerian Local,Grower,Early Rainy,Post-Vaccination,904,30.8,82.7,47.26,107.3,846.49,1162.61,1.2,Vaccination stress,1
36,Pen_E,26,Nigerian Local,Grower,Early Rainy,Healthy,904,31.0,68.4,81.08,196.04,927.57,1289.82,1.2,None,0
36,Pen_E,27,Nigerian Local,Grower,Early Rainy,Recovering,904,32.2,72.4,32.74,77.28,960.32,1289.82,1.2,High deaths,0
36,Pen_E,28,Nigerian Local,Grower,Early Rainy,Recovering,904,29.9,77.0,60.1,136.83,1020.41,1289.82,1.2,None,0
36,Pen_E,29,Nigerian Local,Finisher,Early Rainy,Healthy,904,30.9,82.1,96.05,223.71,1116.47,1421.11,1.2,None,0
36,Pen_E,30,Nigerian Local,Finisher,Early Rainy,Healthy,904,28.1,80.9,98.16,221.37,1214.63,1422.49,1.2,None,0
36,Pen_E,31,Nigerian Local,Finisher,Early Rainy,Healthy,904,31.0,76.1,102.46,240.11,1317.08,1512.87,1.2,None,0
36,Pen_E,32,Nigerian Local,Finisher,Early Rainy,Mild Stress,904,31.3,87.2,88.95,216.93,1406.03,1513.57,1.2,None,0
36,Pen_E,33,Nigerian Local,Finisher,Early Rainy,Healthy,904,31.1,81.9,99.47,237.07,1505.5,1589.51,1.2,None,0
36,Pen_E,34,Nigerian Local,Finisher,Early Rainy,Healthy,904,31.0,83.6,97.97,234.82,1603.47,1682.34,1.2,None,0
36,Pen_E,35,Nigerian Local,Finisher,Early Rainy,Post-Vaccination,904,31.5,75.0,86.77,206.31,1690.24,1682.34,1.2,None,0
36,Pen_E,36,Nigerian Local,Finisher,Early Rainy,Healthy,904,33.7,80.7,120.8,307.61,1811.03,1682.34,1.2,None,0
36,Pen_E,37,Nigerian Local,Finisher,Early Rainy,Recovering,904,31.0,90.0,88.97,214.66,1900.0,1682.34,1.2,None,0
36,Pen_E,38,Nigerian Local,Finisher,Early Rainy,Recovering,904,30.9,82.3,62.75,137.17,1962.76,1682.34,1.612,Disease symptoms,0
36,Pen_E,39,Nigerian Local,Finisher,Early Rainy,Healthy,904,29.0,83.2,119.83,275.62,2082.59,1772.78,1.2,None,0
36,Pen_E,40,Nigerian Local,Finisher,Early Rainy,Healthy,904,29.6,69.9,118.91,263.93,2201.5,1772.78,1.238,None,0
36,Pen_E,41,Nigerian Local,Finisher,Early Rainy,Healthy,904,28.6,81.0,122.55,267.86,2324.05,1925.04,1.24,None,0
36,Pen_E,42,Nigerian Local,Finisher,Early Rainy,Healthy,904,38.2,81.4,92.9,260.16,2416.95,1925.04,1.2,Heat stress,1
37,Pen_F,1,Marshall,Starter,Early Rainy,Healthy,842,30.9,86.5,17.79,40.89,17.79,320.72,1.2,None,0
37,Pen_F,2,Marshall,Starter,Early Rainy,Recovering,842,35.3,76.4,9.52,28.65,27.3,320.72,1.2,None,0
37,Pen_F,3,Marshall,Starter,Early Rainy,Healthy,842,32.9,79.4,12.71,37.37,40.01,389.13,1.2,None,0
37,Pen_F,4,Marshall,Starter,Early Rainy,Healthy,842,31.5,78.8,18.02,48.63,58.03,414.53,1.2,None,0
37,Pen_F,5,Marshall,Starter,Early Rainy,Healthy,842,34.4,85.3,12.68,27.83,70.71,463.3,1.2,None,0
37,Pen_F,6,Marshall,Starter,Early Rainy,Healthy,842,32.2,72.8,16.46,35.4,87.17,501.36,1.2,None,0
37,Pen_F,7,Marshall,Starter,Early Rainy,Mild Stress,842,30.7,89.6,6.46,20.0,93.63,501.36,1.873,Low appetite,1
37,Pen_F,8,Marshall,Starter,Early Rainy,Healthy,842,36.4,77.4,31.12,80.95,124.75,549.95,1.2,None,0
37,Pen_F,9,Marshall,Starter,Early Rainy,Healthy,842,37.8,83.0,26.73,72.79,151.49,592.46,1.2,Heat stress,0
37,Pen_F,10,Marshall,Starter,Early Rainy,Healthy,842,38.4,78.1,26.24,72.39,177.73,664.97,1.2,Heat stress,0
37,Pen_F,11,Marshall,Starter,Early Rainy,Healthy,842,34.2,83.7,30.69,81.04,208.42,726.07,1.2,None,0
37,Pen_F,12,Marshall,Starter,Early Rainy,Healthy,842,33.2,85.6,34.29,86.03,242.71,828.01,1.2,None,0
37,Pen_F,13,Marshall,Starter,Early Rainy,Healthy,842,33.9,72.4,34.13,86.77,276.84,851.5,1.2,None,0
37,Pen_F,14,Marshall,Starter,Early Rainy,Mild Stress,842,32.7,75.3,17.19,42.68,294.03,851.5,2.281,Low appetite,0
37,Pen_F,15,Marshall,Grower,Early Rainy,Recovering,842,31.7,80.8,23.95,58.66,317.98,851.5,1.2,High deaths,1
37,Pen_F,16,Marshall,Grower,Early Rainy,Healthy,842,32.9,79.2,63.29,161.97,381.26,1050.72,1.2,None,0
37,Pen_F,17,Marshall,Grower,Early Rainy,Mild Stress,842,33.0,75.4,60.84,156.69,442.1,1050.72,1.2,None,0
37,Pen_F,18,Marshall,Grower,Early Rainy,Healthy,842,32.1,76.4,64.81,156.67,506.92,1185.16,1.2,None,0
37,Pen_F,19,Marshall,Grower,Early Rainy,Healthy,842,34.5,69.4,56.74,151.06,563.65,1245.54,1.2,None,0
37,Pen_F,20,Marshall,Grower,Early Rainy,Healthy,842,34.3,85.3,53.58,143.74,617.23,1255.07,1.2,None,0
37,Pen_F,21,Marshall,Grower,Early Rainy,Post-Vaccination,842,31.2,86.6,40.85,90.64,658.08,1257.5,1.2,Vaccination stress,0
37,Pen_F,22,Marshall,Grower,Early Rainy,Recovering,842,34.7,87.0,62.52,168.1,720.6,1299.74,1.2,None,1
37,Pen_F,23,Marshall,Grower,Early Rainy,Mild Stress,842,34.5,89.6,70.82,186.16,791.42,1299.74,1.2,Dirty/wet litter,0
37,Pen_F,24,Marshall,Grower,Early Rainy,Mild Stress,842,37.4,86.9,63.95,176.01,855.37,1447.17,1.2,Dirty/wet litter,1
37,Pen_F,25,Marshall,Grower,Early Rainy,Healthy,842,32.7,84.9,91.79,223.45,947.16,1663.35,1.2,None,0
37,Pen_F,26,Marshall,Grower,Early Rainy,Healthy,842,32.1,80.7,89.85,209.9,1037.02,1769.04,1.2,None,0
37,Pen_F,27,Marshall,Grower,Early Rainy,Healthy,842,34.5,84.3,82.66,211.18,1119.67,1769.04,1.2,None,0
37,Pen_F,28,Marshall,Grower,Early Rainy,Healthy,842,37.3,75.2,70.25,191.43,1189.93,1856.53,1.2,Heat stress,0
37,Pen_F,29,Marshall,Finisher,Early Rainy,Healthy,842,32.5,76.8,117.42,286.21,1307.35,1856.53,1.2,None,0
37,Pen_F,30,Marshall,Finisher,Early Rainy,Mild Stress,842,34.1,95.6,91.09,224.95,1398.44,1856.53,1.2,Poor ventilation,0
37,Pen_F,31,Marshall,Finisher,Early Rainy,Healthy,842,35.0,83.0,100.28,265.05,1498.72,2073.93,1.2,None,0
37,Pen_F,32,Marshall,Finisher,Early Rainy,Healthy,842,33.1,76.7,117.43,289.5,1616.16,2104.46,1.2,None,0
37,Pen_F,33,Marshall,Finisher,Early Rainy,Post-Vaccination,842,32.7,73.2,101.94,242.73,1718.09,2104.46,1.2,None,0
37,Pen_F,34,Marshall,Finisher,Early Rainy,Post-Vaccination,842,32.9,86.6,94.62,230.86,1812.72,2104.46,1.2,None,0
37,Pen_F,35,Marshall,Finisher,Early Rainy,Mild Stress,842,35.0,81.5,93.87,238.79,1906.59,2119.93,1.2,None,0
37,Pen_F,36,Marshall,Finisher,Early Rainy,Mild Stress,842,38.3,92.9,91.67,249.24,1998.26,2119.93,1.2,Dirty/wet litter,0
37,Pen_F,37,Marshall,Finisher,Early Rainy,Recovering,842,34.6,83.2,63.59,166.09,2061.85,2119.93,2.105,Mouldy feed,0
37,Pen_F,38,Marshall,Finisher,Early Rainy,Healthy,842,34.0,82.0,141.61,359.81,2203.46,2291.23,1.2,None,0
37,Pen_F,39,Marshall,Finisher,Early Rainy,Healthy,842,37.3,80.3,111.46,309.17,2314.92,2421.58,1.2,None,0
37,Pen_F,40,Marshall,Finisher,Early Rainy,Healthy,842,38.5,72.8,112.51,311.34,2427.43,2421.58,1.2,Heat stress,0
37,Pen_F,41,Marshall,Finisher,Early Rainy,Mild Stress,842,33.3,79.7,125.29,303.9,2552.72,2421.58,1.2,None,0
37,Pen_F,42,Marshall,Finisher,Early Rainy,Healthy,842,28.7,79.4,143.85,321.76,2696.57,2421.58,1.21,None,0
38,Pen_G,1,Nigerian Local,Starter,Early Rainy,Healthy,584,34.3,79.9,11.91,40.64,11.91,223.18,1.2,None,0
38,Pen_G,2,Nigerian Local,Starter,Early Rainy,Healthy,584,32.2,81.6,11.81,33.64,23.72,259.13,1.2,None,0
38,Pen_G,3,Nigerian Local,Starter,Early Rainy,Mild Stress,584,32.5,91.5,11.27,34.63,34.99,266.15,1.2,None,0
38,Pen_G,4,Nigerian Local,Starter,Early Rainy,Healthy,584,30.5,79.7,13.24,26.68,48.23,304.08,1.2,None,0
38,Pen_G,5,Nigerian Local,Starter,Early Rainy,Mild Stress,584,33.8,86.3,12.01,33.37,60.24,333.08,1.2,None,0
38,Pen_G,6,Nigerian Local,Starter,Early Rainy,Recovering,584,34.7,79.3,6.57,20.0,66.81,333.08,1.2,High deaths,0
38,Pen_G,7,Nigerian Local,Starter,Early Rainy,Healthy,584,33.4,77.2,8.15,22.63,74.96,398.06,1.2,None,0
38,Pen_G,8,Nigerian Local,Starter,Early Rainy,Mild Stress,584,29.5,75.9,23.92,60.82,98.87,398.06,1.2,None,0
38,Pen_G,9,Nigerian Local,Starter,Early Rainy,Healthy,584,32.8,80.3,30.94,78.87,129.82,450.77,1.2,None,0
38,Pen_G,10,Nigerian Local,Starter,Early Rainy,Healthy,584,33.3,77.9,28.79,71.95,158.61,498.07,1.2,None,0
38,Pen_G,11,Nigerian Local,Starter,Early Rainy,Recovering,584,33.0,83.9,18.76,50.2,177.37,498.07,1.2,None,0
38,Pen_G,12,Nigerian Local,Starter,Early Rainy,Healthy,584,33.7,76.7,25.57,62.11,202.93,598.04,1.2,None,0
38,Pen_G,13,Nigerian Local,Starter,Early Rainy,Mild Stress,584,33.2,84.2,12.35,27.78,215.28,598.04,2.142,Low appetite,0
38,Pen_G,14,Nigerian Local,Starter,Early Rainy,Healthy,584,34.6,79.3,24.72,63.59,240.0,693.58,1.2,None,0
38,Pen_G,15,Nigerian Local,Grower,Early Rainy,Healthy,584,33.8,83.2,52.39,132.85,292.39,693.78,1.2,None,0
38,Pen_G,16,Nigerian Local,Grower,Early Rainy,Healthy,584,41.1,82.1,38.43,119.77,330.82,757.58,1.2,Heat stress,0
38,Pen_G,17,Nigerian Local,Grower,Early Rainy,Recovering,584,32.7,84.9,27.38,69.9,358.2,757.58,1.892,Disease symptoms,1
38,Pen_G,18,Nigerian Local,Grower,Early Rainy,Healthy,584,29.7,76.6,54.22,118.61,412.42,859.59,1.2,None,0
38,Pen_G,19,Nigerian Local,Grower,Early Rainy,Healthy,584,31.2,84.2,54.48,136.84,466.9,916.65,1.2,None,0
38,Pen_G,20,Nigerian Local,Grower,Early Rainy,Healthy,584,34.3,88.9,43.92,115.62,510.82,1015.74,1.2,Very high humidity,1
38,Pen_G,21,Nigerian Local,Grower,Early Rainy,Healthy,584,33.9,71.4,50.68,125.28,561.5,1083.52,1.2,None,0
38,Pen_G,22,Nigerian Local,Grower,Early Rainy,Post-Vaccination,584,32.2,78.8,47.34,119.14,608.84,1083.52,1.2,Vaccination stress,0
38,Pen_G,23,Nigerian Local,Grower,Early Rainy,Healthy,584,32.4,70.5,76.92,194.94,685.75,1152.23,1.2,None,0
38,Pen_G,24,Nigerian Local,Grower,Early Rainy,Recovering,584,35.2,93.0,27.01,72.8,712.77,1152.23,2.103,Mouldy feed,0
38,Pen_G,25,Nigerian Local,Grower,Early Rainy,Healthy,584,31.6,80.8,77.63,190.3,790.39,1227.23,1.2,None,0
38,Pen_G,26,Nigerian Local,Grower,Early Rainy,Mild Stress,584,33.6,73.6,72.41,182.06,862.8,1227.23,1.2,None,0
38,Pen_G,27,Nigerian Local,Grower,Early Rainy,Recovering,584,34.5,76.3,55.58,137.7,918.38,1227.23,1.2,None,1
38,Pen_G,28,Nigerian Local,Grower,Early Rainy,Healthy,584,35.0,86.6,67.05,168.07,985.43,1336.89,1.2,None,0
38,Pen_G,29,Nigerian Local,Finisher,Early Rainy,Healthy,584,33.0,74.4,99.98,252.13,1085.41,1460.26,1.2,None,0
38,Pen_G,30,Nigerian Local,Finisher,Early Rainy,Mild Stress,584,33.6,94.1,83.25,214.07,1168.66,1460.26,1.2,Poor ventilation,1
38,Pen_G,31,Nigerian Local,Finisher,Early Rainy,Recovering,584,36.3,87.7,29.42,83.51,1198.08,1460.26,2.199,Mouldy feed,0
38,Pen_G,32,Nigerian Local,Finisher,Early Rainy,Healthy,584,32.5,85.4,97.13,238.36,1295.21,1554.62,1.2,None,0
38,Pen_G,33,Nigerian Local,Finisher,Early Rainy,Recovering,584,33.8,91.0,42.66,104.31,1337.87,1554.62,2.237,Mouldy feed,1
38,Pen_G,34,Nigerian Local,Finisher,Early Rainy,Mild Stress,584,33.7,73.8,49.24,120.39,1387.11,1554.62,1.974,Low appetite,0
38,Pen_G,35,Nigerian Local,Finisher,Early Rainy,Mild Stress,584,34.0,77.5,65.95,169.89,1453.06,1554.62,1.74,Very poor weight gain,1
38,Pen_G,36,Nigerian Local,Finisher,Early Rainy,Mild Stress,584,32.4,84.6,104.13,251.36,1557.19,1554.62,1.2,Dirty/wet litter,0
38,Pen_G,37,Nigerian Local,Finisher,Early Rainy,Healthy,584,33.8,80.9,122.39,306.86,1679.58,1699.14,1.2,None,0
38,Pen_G,38,Nigerian Local,Finisher,Early Rainy,Healthy,584,34.0,83.9,117.35,290.66,1796.93,1740.36,1.2,None,0
38,Pen_G,39,Nigerian Local,Finisher,Early Rainy,Healthy,584,31.7,81.2,115.71,275.9,1912.64,1801.26,1.2,None,0
38,Pen_G,40,Nigerian Local,Finisher,Early Rainy,Recovering,584,35.5,91.8,40.46,107.41,1953.1,1801.26,1.665,Mouldy feed,1
38,Pen_G,41,Nigerian Local,Finisher,Early Rainy,Recovering,584,33.7,83.9,51.76,131.81,2004.87,1801.26,1.2,High deaths,1
38,Pen_G,42,Nigerian Local,Finisher,Early Rainy,Healthy,584,37.1,90.1,88.87,242.41,2093.74,1801.26,1.223,None,0
39,Pen_H,1,Noiler,Starter,Early Rainy,Recovering,482,27.8,84.1,6.67,20.0,6.67,159.01,1.647,Disease symptoms,1
39,Pen_H,2,Noiler,Starter,Early Rainy,Healthy,482,30.9,71.0,14.94,34.01,21.61,290.06,1.2,None,0
39,Pen_H,3,Noiler,Starter,Early Rainy,Healthy,482,28.4,81.3,10.67,20.0,32.28,312.81,1.2,None,0
39,Pen_H,4,Noiler,Starter,Early Rainy,Healthy,482,29.6,80.8,13.96,26.74,46.24,360.29,1.2,None,0
39,Pen_H,5,Noiler,Starter,Early Rainy,Healthy,482,25.1,81.6,14.27,26.72,60.51,365.28,1.2,None,0
39,Pen_H,6,Noiler,Starter,Early Rainy,Post-Vaccination,482,27.6,81.3,8.75,20.0,69.27,389.65,1.2,None,0
39,Pen_H,7,Noiler,Starter,Early Rainy,Healthy,482,26.1,82.0,13.33,27.44,82.6,445.01,1.2,None,0
39,Pen_H,8,Noiler,Starter,Early Rainy,Healthy,482,26.9,74.9,31.45,66.84,114.04,496.16,1.2,None,0
39,Pen_H,9,Noiler,Starter,Early Rainy,Post-Vaccination,482,31.0,83.2,28.78,63.59,142.82,496.16,1.2,None,0
39,Pen_H,10,Noiler,Starter,Early Rainy,Post-Vaccination,482,27.4,79.6,20.77,45.73,163.59,544.04,1.2,Vaccination stress,1
39,Pen_H,11,Noiler,Starter,Early Rainy,Healthy,482,27.4,79.4,29.37,68.98,192.96,604.74,1.2,None,0
39,Pen_H,12,Noiler,Starter,Early Rainy,Healthy,482,25.1,75.8,32.22,55.39,225.18,649.02,1.2,None,0
39,Pen_H,13,Noiler,Starter,Early Rainy,Post-Vaccination,482,26.7,83.6,24.12,50.69,249.3,652.76,1.2,None,0
39,Pen_H,14,Noiler,Starter,Early Rainy,Healthy,482,27.1,83.2,27.92,52.08,277.21,747.96,1.2,None,0
39,Pen_H,15,Noiler,Grower,Early Rainy,Post-Vaccination,482,30.2,77.8,50.44,122.35,327.65,770.14,1.2,None,0
39,Pen_H,16,Noiler,Grower,Early Rainy,Healthy,482,28.1,76.5,57.92,126.4,385.57,896.2,1.2,None,0
39,Pen_H,17,Noiler,Grower,Early Rainy,Healthy,482,26.4,84.1,56.4,112.13,441.97,967.73,1.2,None,0
39,Pen_H,18,Noiler,Grower,Early Rainy,Healthy,482,28.6,88.3,57.25,123.22,499.23,967.73,1.2,Very high humidity,0
39,Pen_H,19,Noiler,Grower,Early Rainy,Healthy,482,28.4,81.4,58.66,135.75,557.88,1088.72,1.2,None,0
39,Pen_H,20,Noiler,Grower,Early Rainy,Healthy,482,27.6,79.8,60.47,139.41,618.35,1106.55,1.2,None,0
39,Pen_H,21,Noiler,Grower,Early Rainy,Healthy,482,29.2,75.4,60.99,142.36,679.34,1206.05,1.2,None,0
39,Pen_H,22,Noiler,Grower,Early Rainy,Mild Stress,482,29.1,79.4,77.01,176.64,756.35,1206.05,1.2,None,0
39,Pen_H,23,Noiler,Grower,Early Rainy,Healthy,482,27.7,89.0,84.33,180.07,840.68,1327.2,1.2,None,0
39,Pen_H,24,Noiler,Grower,Early Rainy,Healthy,482,28.9,70.5,82.66,190.28,923.34,1371.3,1.2,None,0
39,Pen_H,25,Noiler,Grower,Early Rainy,Recovering,482,28.5,75.1,69.23,147.83,992.57,1371.3,1.2,None,0
39,Pen_H,26,Noiler,Grower,Early Rainy,Mild Stress,482,38.5,88.4,55.89,155.32,1048.46,1371.3,1.2,Dirty/wet litter,1
39,Pen_H,27,Noiler,Grower,Early Rainy,Recovering,482,33.4,84.3,38.74,89.86,1087.2,1371.3,2.017,Mouldy feed,1
39,Pen_H,28,Noiler,Grower,Early Rainy,Healthy,482,25.4,81.9,83.74,174.16,1170.94,1566.42,1.2,None,0
39,Pen_H,29,Noiler,Finisher,Early Rainy,Healthy,482,28.6,78.3,104.52,227.26,1275.46,1566.42,1.2,None,0
39,Pen_H,30,Noiler,Finisher,Early Rainy,Healthy,482,26.7,93.7,101.72,214.79,1377.18,1660.18,1.2,Very high humidity,0
39,Pen_H,31,Noiler,Finisher,Early Rainy,Recovering,482,30.3,70.3,83.25,182.63,1460.43,1660.18,1.2,None,0
39,Pen_H,32,Noiler,Finisher,Early Rainy,Recovering,482,25.5,74.4,84.82,167.43,1545.24,1660.18,1.2,None,0
39,Pen_H,33,Noiler,Finisher,Early Rainy,Mild Stress,482,37.5,91.6,73.83,211.56,1619.07,1660.18,1.2,Dirty/wet litter,1
39,Pen_H,34,Noiler,Finisher,Early Rainy,Healthy,482,28.7,87.3,104.86,236.07,1723.93,1892.85,1.2,None,0
39,Pen_H,35,Noiler,Finisher,Early Rainy,Healthy,482,27.7,76.8,106.49,231.25,1830.42,1941.88,1.2,None,0
39,Pen_H,36,Noiler,Finisher,Early Rainy,Healthy,482,28.4,73.8,132.49,291.94,1962.91,1941.88,1.2,None,0
39,Pen_H,37,Noiler,Finisher,Early Rainy,Healthy,482,27.7,83.8,128.05,270.1,2090.96,1941.88,1.2,None,0
39,Pen_H,38,Noiler,Finisher,Early Rainy,Mild Stress,482,35.2,83.9,102.56,273.94,2193.52,1941.88,1.21,Poor ventilation,0
39,Pen_H,39,Noiler,Finisher,Early Rainy,Healthy,482,40.5,76.7,102.17,297.13,2295.69,2088.07,1.2,Heat stress,0
39,Pen_H,40,Noiler,Finisher,Early Rainy,Mild Stress,482,30.0,82.2,115.12,262.39,2410.81,2088.07,1.2,None,0
39,Pen_H,41,Noiler,Finisher,Early Rainy,Healthy,482,30.2,77.5,134.08,314.06,2544.89,2088.07,1.23,None,0
39,Pen_H,42,Noiler,Finisher,Early Rainy,Healthy,482,27.6,79.2,130.48,278.34,2675.37,2088.07,1.352,None,0
40,Pen_A,1,Ross 308,Starter,Late Rainy,Healthy,881,27.7,75.6,17.44,46.66,17.44,337.05,1.2,None,0
40,Pen_A,2,Ross 308,Starter,Late Rainy,Healthy,881,24.7,81.1,14.16,25.89,31.6,355.33,1.2,None,0
40,Pen_A,3,Ross 308,Starter,Late Rainy,Healthy,881,26.2,94.4,14.78,26.75,46.37,404.73,1.2,None,0
40,Pen_A,4,Ross 308,Starter,Late Rainy,Healthy,881,28.9,72.0,17.42,44.35,63.79,432.84,1.2,None,0
40,Pen_A,5,Ross 308,Starter,Late Rainy,Recovering,881,35.8,94.4,5.0,20.0,68.79,432.84,1.552,Mouldy feed,1
40,Pen_A,6,Ross 308,Starter,Late Rainy,Recovering,881,29.6,72.9,6.68,20.7,75.47,432.84,1.598,Disease symptoms,1
40,Pen_A,7,Ross 308,Starter,Late Rainy,Post-Vaccination,881,28.3,82.7,8.35,20.0,83.82,496.83,1.2,Vaccination stress,1
40,Pen_A,8,Ross 308,Starter,Late Rainy,Healthy,881,25.1,84.2,36.51,80.73,120.33,572.21,1.2,None,0
40,Pen_A,9,Ross 308,Starter,Late Rainy,Healthy,881,29.0,79.9,31.82,71.16,152.15,584.06,1.2,None,0
40,Pen_A,10,Ross 308,Starter,Late Rainy,Mild Stress,881,27.2,71.3,32.38,65.69,184.53,639.8,1.2,None,0
40,Pen_A,11,Ross 308,Starter,Late Rainy,Healthy,881,27.4,82.7,30.92,52.9,215.45,756.2,1.2,None,0
40,Pen_A,12,Ross 308,Starter,Late Rainy,Recovering,881,25.9,73.9,18.4,38.28,233.85,756.2,1.2,High deaths,1
40,Pen_A,13,Ross 308,Starter,Late Rainy,Mild Stress,881,35.4,85.0,29.29,79.76,263.14,756.2,1.2,Poor ventilation,1
40,Pen_A,14,Ross 308,Starter,Late Rainy,Mild Stress,881,27.3,78.9,33.02,72.82,296.16,877.84,1.2,None,0
40,Pen_A,15,Ross 308,Grower,Late Rainy,Healthy,881,27.4,81.2,68.37,145.95,364.53,1013.27,1.2,None,0
40,Pen_A,16,Ross 308,Grower,Late Rainy,Healthy,881,28.6,74.9,65.63,149.2,430.15,1032.65,1.2,None,0
40,Pen_A,17,Ross 308,Grower,Late Rainy,Healthy,881,29.2,79.2,69.52,152.92,499.67,1117.48,1.2,None,0
40,Pen_A,18,Ross 308,Grower,Late Rainy,Post-Vaccination,881,28.9,77.7,35.57,82.44,535.24,1117.48,1.2,Vaccination stress,0
40,Pen_A,19,Ross 308,Grower,Late Rainy,Recovering,881,28.6,79.8,48.25,107.72,583.49,1164.95,1.2,None,0
40,Pen_A,20,Ross 308,Grower,Late Rainy,Healthy,881,29.4,77.9,63.21,145.66,646.69,1301.12,1.2,None,0
40,Pen_A,21,Ross 308,Grower,Late Rainy,Healthy,881,27.6,83.5,60.75,133.15,707.44,1516.23,1.2,None,0
40,Pen_A,22,Ross 308,Grower,Late Rainy,Healthy,881,27.9,78.3,98.18,214.74,805.63,1538.6,1.2,None,0
40,Pen_A,23,Ross 308,Grower,Late Rainy,Healthy,881,29.7,85.0,89.61,209.71,895.24,1538.6,1.2,None,0
40,Pen_A,24,Ross 308,Grower,Late Rainy,Healthy,881,28.0,91.9,88.99,206.05,984.22,1660.08,1.2,Very high humidity,0
40,Pen_A,25,Ross 308,Grower,Late Rainy,Healthy,881,30.2,81.2,91.91,213.85,1076.13,1754.32,1.2,None,0
40,Pen_A,26,Ross 308,Grower,Late Rainy,Mild Stress,881,29.2,76.7,45.56,97.78,1121.69,1754.32,2.286,Low appetite,1
40,Pen_A,27,Ross 308,Grower,Late Rainy,Mild Stress,881,26.9,76.7,45.73,97.0,1167.42,1754.32,1.995,Low appetite,0
40,Pen_A,28,Ross 308,Grower,Late Rainy,Mild Stress,881,37.2,92.3,65.2,178.33,1232.62,1754.32,1.2,Poor ventilation,0
40,Pen_A,29,Ross 308,Finisher,Late Rainy,Healthy,881,25.9,81.5,112.5,231.26,1345.12,1871.41,1.2,None,0
40,Pen_A,30,Ross 308,Finisher,Late Rainy,Healthy,881,29.2,81.6,125.18,277.11,1470.3,2028.66,1.2,None,0
40,Pen_A,31,Ross 308,Finisher,Late Rainy,Mild Stress,881,26.0,81.9,55.72,116.71,1526.01,2028.66,1.866,Low appetite,0
40,Pen_A,32,Ross 308,Finisher,Late Rainy,Healthy,881,28.3,78.6,122.51,265.56,1648.52,2134.4,1.2,None,0
40,Pen_A,33,Ross 308,Finisher,Late Rainy,Healthy,881,28.4,83.0,119.59,261.82,1768.11,2210.42,1.2,None,0
40,Pen_A,34,Ross 308,Finisher,Late Rainy,Post-Vaccination,881,28.4,79.0,65.55,138.44,1833.66,2210.42,1.2,Vaccination stress,0
40,Pen_A,35,Ross 308,Finisher,Late Rainy,Healthy,881,27.1,83.8,115.08,246.87,1948.73,2210.42,1.2,None,0
40,Pen_A,36,Ross 308,Finisher,Late Rainy,Healthy,881,27.4,74.3,148.4,321.38,2097.13,2210.42,1.2,None,0
40,Pen_A,37,Ross 308,Finisher,Late Rainy,Post-Vaccination,881,29.6,74.2,78.63,184.08,2175.76,2210.42,1.2,Vaccination stress,1
40,Pen_A,38,Ross 308,Finisher,Late Rainy,Healthy,881,27.5,80.0,145.85,309.0,2321.6,2360.48,1.2,None,0
40,Pen_A,39,Ross 308,Finisher,Late Rainy,Recovering,881,38.3,92.4,48.97,133.92,2370.57,2360.48,2.03,Mouldy feed,1
40,Pen_A,40,Ross 308,Finisher,Late Rainy,Healthy,881,26.9,78.7,146.02,308.19,2516.59,2463.61,1.2,None,0
40,Pen_A,41,Ross 308,Finisher,Late Rainy,Healthy,881,31.1,76.3,146.59,342.4,2663.18,2463.61,1.2,None,0
40,Pen_A,42,Ross 308,Finisher,Late Rainy,Recovering,881,38.2,95.2,50.33,151.82,2713.51,2463.61,2.002,Mouldy feed,1
41,Pen_B,1,Cobb 500,Starter,Early Rainy,Mild Stress,612,34.6,79.6,15.92,48.43,15.92,312.61,1.2,None,0
41,Pen_B,2,Cobb 500,Starter,Early Rainy,Healthy,612,33.1,76.8,19.66,44.25,35.58,385.15,1.2,None,0
41,Pen_B,3,Cobb 500,Starter,Early Rainy,Post-Vaccination,612,33.0,79.4,7.52,20.0,43.1,385.15,1.2,Vaccination stress,0
41,Pen_B,4,Cobb 500,Starter,Early Rainy,Healthy,612,32.7,82.3,17.31,43.49,60.42,457.97,1.2,None,0
41,Pen_B,5,Cobb 500,Starter,Early Rainy,Healthy,612,31.4,83.8,19.58,41.49,80.0,481.14,1.2,None,0
41,Pen_B,6,Cobb 500,Starter,Early Rainy,Healthy,612,35.1,83.4,12.62,39.71,92.61,512.35,1.2,None,0
41,Pen_B,7,Cobb 500,Starter,Early Rainy,Healthy,612,32.9,74.8,13.59,36.21,106.2,575.84,1.2,None,0
41,Pen_B,8,Cobb 500,Starter,Early Rainy,Healthy,612,31.1,79.9,37.11,93.89,143.31,575.84,1.2,None,0
41,Pen_B,9,Cobb 500,Starter,Early Rainy,Healthy,612,33.7,86.9,34.58,86.98,177.9,638.51,1.2,None,0
41,Pen_B,10,Cobb 500,Starter,Early Rainy,Recovering,612,34.1,78.4,12.13,28.75,190.03,638.51,1.2,High deaths,1
41,Pen_B,11,Cobb 500,Starter,Early Rainy,Mild Stress,612,37.3,90.7,21.28,58.39,211.31,638.51,1.2,Dirty/wet litter,0
41,Pen_B,12,Cobb 500,Starter,Early Rainy,Healthy,612,34.2,83.1,28.97,80.72,240.29,807.39,1.2,None,0
41,Pen_B,13,Cobb 500,Starter,Early Rainy,Healthy,612,34.5,77.0,30.87,84.31,271.16,925.33,1.2,None,0
41,Pen_B,14,Cobb 500,Starter,Early Rainy,Mild Stress,612,33.9,93.7,30.85,73.56,302.01,941.32,1.2,None,0
41,Pen_B,15,Cobb 500,Grower,Early Rainy,Mild Stress,612,32.1,71.5,59.75,138.68,361.77,966.14,1.2,None,0
41,Pen_B,16,Cobb 500,Grower,Early Rainy,Mild Stress,612,36.8,92.7,50.67,143.69,412.44,966.14,1.2,Poor ventilation,1
41,Pen_B,17,Cobb 500,Grower,Early Rainy,Healthy,612,33.3,84.2,65.95,176.33,478.39,1157.5,1.2,None,0
41,Pen_B,18,Cobb 500,Grower,Early Rainy,Healthy,612,33.7,81.1,61.15,149.44,539.53,1239.6,1.2,None,0
41,Pen_B,19,Cobb 500,Grower,Early Rainy,Healthy,612,32.2,73.0,67.83,174.43,607.36,1239.6,1.2,None,0
41,Pen_B,20,Cobb 500,Grower,Early Rainy,Healthy,612,31.4,75.3,69.11,170.89,676.47,1397.3,1.2,None,0
41,Pen_B,21,Cobb 500,Grower,Early Rainy,Mild Stress,612,34.2,95.7,45.94,120.46,722.41,1397.3,1.2,Poor ventilation,1
41,Pen_B,22,Cobb 500,Grower,Early Rainy,Recovering,612,34.5,72.4,67.72,180.06,790.13,1397.3,1.2,None,0
41,Pen_B,23,Cobb 500,Grower,Early Rainy,Post-Vaccination,612,31.9,74.1,84.52,207.48,874.64,1433.42,1.2,None,1
41,Pen_B,24,Cobb 500,Grower,Early Rainy,Mild Stress,612,33.2,75.3,84.47,217.52,959.11,1498.55,1.2,None,0
41,Pen_B,25,Cobb 500,Grower,Early Rainy,Mild Stress,612,34.3,86.1,75.32,190.77,1034.43,1498.55,1.2,Dirty/wet litter,1
41,Pen_B,26,Cobb 500,Grower,Early Rainy,Mild Stress,612,33.1,75.2,91.2,226.13,1125.63,1757.37,1.2,None,0
41,Pen_B,27,Cobb 500,Grower,Early Rainy,Healthy,612,34.6,79.3,83.99,212.05,1209.62,1989.38,1.2,None,0
41,Pen_B,28,Cobb 500,Grower,Early Rainy,Mild Stress,612,31.6,82.6,84.6,208.98,1294.21,1989.38,1.2,None,0
41,Pen_B,29,Cobb 500,Finisher,Early Rainy,Healthy,612,35.3,94.8,102.29,267.21,1396.5,2050.65,1.2,None,0
41,Pen_B,30,Cobb 500,Finisher,Early Rainy,Healthy,612,34.7,77.4,106.57,278.69,1503.08,2050.65,1.2,None,0
41,Pen_B,31,Cobb 500,Finisher,Early Rainy,Recovering,612,34.7,80.1,52.01,136.03,1555.08,2050.65,1.958,Disease symptoms,1
41,Pen_B,32,Cobb 500,Finisher,Early Rainy,Healthy,612,31.8,80.3,121.41,297.51,1676.49,2152.54,1.2,None,0
41,Pen_B,33,Cobb 500,Finisher,Early Rainy,Healthy,612,33.2,78.7,125.38,319.32,1801.87,2224.06,1.2,None,0
41,Pen_B,34,Cobb 500,Finisher,Early Rainy,Mild Stress,612,33.4,85.8,105.78,268.21,1907.66,2224.06,1.2,None,0
41,Pen_B,35,Cobb 500,Finisher,Early Rainy,Post-Vaccination,612,35.8,83.4,89.77,241.55,1997.43,2224.06,1.2,None,0
41,Pen_B,36,Cobb 500,Finisher,Early Rainy,Healthy,612,33.4,76.3,151.22,376.01,2148.64,2439.0,1.2,None,0
41,Pen_B,37,Cobb 500,Finisher,Early Rainy,Mild Stress,612,34.0,82.7,95.28,242.52,2243.92,2439.0,1.662,Very poor weight gain,0
41,Pen_B,38,Cobb 500,Finisher,Early Rainy,Healthy,612,30.7,81.4,145.12,342.89,2389.04,2439.0,1.2,None,0
41,Pen_B,39,Cobb 500,Finisher,Early Rainy,Healthy,612,36.7,76.5,130.71,355.75,2519.75,2508.53,1.2,None,1
41,Pen_B,40,Cobb 500,Finisher,Early Rainy,Healthy,612,32.2,88.4,142.42,352.74,2662.17,2508.53,1.2,None,0
41,Pen_B,41,Cobb 500,Finisher,Early Rainy,Healthy,612,32.0,78.1,149.65,359.23,2811.83,2514.24,1.2,None,0
41,Pen_B,42,Cobb 500,Finisher,Early Rainy,Recovering,612,32.3,82.5,69.59,179.76,2881.41,2514.24,2.089,Disease symptoms,0
42,Pen_C,1,Nigerian Local,Starter,Peak Rainy,Mild Stress,733,26.3,82.3,10.99,25.9,10.99,210.7,1.2,None,0
42,Pen_C,2,Nigerian Local,Starter,Peak Rainy,Post-Vaccination,733,27.0,67.2,8.25,20.0,19.24,227.21,1.2,Vaccination stress,1
42,Pen_C,3,Nigerian Local,Starter,Peak Rainy,Mild Stress,733,37.9,89.0,6.55,20.03,25.78,227.21,1.2,Dirty/wet litter,1
42,Pen_C,4,Nigerian Local,Starter,Peak Rainy,Healthy,733,27.6,84.6,11.48,29.58,37.27,301.21,1.2,None,0
42,Pen_C,5,Nigerian Local,Starter,Peak Rainy,Post-Vaccination,733,26.8,75.0,12.46,22.91,49.72,301.21,1.2,None,0
42,Pen_C,6,Nigerian Local,Starter,Peak Rainy,Post-Vaccination,733,29.4,77.7,7.9,21.26,57.63,328.99,1.2,Vaccination stress,0
42,Pen_C,7,Nigerian Local,Starter,Peak Rainy,Healthy,733,26.9,87.3,13.16,26.84,70.79,393.01,1.2,None,0
42,Pen_C,8,Nigerian Local,Starter,Peak Rainy,Mild Stress,733,32.5,87.3,22.19,49.31,92.98,393.01,1.2,Dirty/wet litter,1
42,Pen_C,9,Nigerian Local,Starter,Peak Rainy,Healthy,733,26.4,67.7,30.11,63.25,123.09,433.5,1.2,None,0
42,Pen_C,10,Nigerian Local,Starter,Peak Rainy,Mild Stress,733,27.8,79.3,23.13,51.63,146.22,456.83,1.2,None,0
42,Pen_C,11,Nigerian Local,Starter,Peak Rainy,Post-Vaccination,733,27.5,81.7,23.84,51.67,170.06,515.41,1.2,None,0
42,Pen_C,12,Nigerian Local,Starter,Peak Rainy,Mild Stress,733,34.0,86.4,22.21,67.19,192.27,515.41,1.2,Dirty/wet litter,0
42,Pen_C,13,Nigerian Local,Starter,Peak Rainy,Healthy,733,28.0,76.8,29.53,52.69,221.8,636.19,1.2,None,0
42,Pen_C,14,Nigerian Local,Starter,Peak Rainy,Recovering,733,28.6,86.5,22.31,51.37,244.11,636.19,1.2,None,1
42,Pen_C,15,Nigerian Local,Grower,Peak Rainy,Healthy,733,25.2,74.1,56.03,102.57,300.14,707.86,1.2,None,0
42,Pen_C,16,Nigerian Local,Grower,Peak Rainy,Mild Stress,733,32.7,84.0,51.21,122.61,351.35,707.86,1.2,Poor ventilation,0
42,Pen_C,17,Nigerian Local,Grower,Peak Rainy,Mild Stress,733,29.5,80.2,23.49,48.61,374.84,707.86,1.918,Low appetite,1
42,Pen_C,18,Nigerian Local,Grower,Peak Rainy,Healthy,733,28.0,89.8,52.8,116.07,427.63,862.12,1.2,None,0
42,Pen_C,19,Nigerian Local,Grower,Peak Rainy,Healthy,733,29.0,77.0,51.2,117.48,478.83,914.48,1.2,None,0
42,Pen_C,20,Nigerian Local,Grower,Peak Rainy,Healthy,733,25.4,84.8,52.16,112.37,531.0,981.65,1.2,None,0
42,Pen_C,21,Nigerian Local,Grower,Peak Rainy,Healthy,733,28.4,77.6,54.19,113.43,585.19,1040.9,1.2,None,0
42,Pen_C,22,Nigerian Local,Grower,Peak Rainy,Healthy,733,25.5,74.1,77.51,160.5,662.7,1105.11,1.2,None,0
42,Pen_C,23,Nigerian Local,Grower,Peak Rainy,Post-Vaccination,733,27.8,77.2,65.31,145.42,728.01,1105.11,1.2,None,0
42,Pen_C,24,Nigerian Local,Grower,Peak Rainy,Recovering,733,27.0,83.6,62.77,135.42,790.77,1105.11,1.2,None,0
42,Pen_C,25,Nigerian Local,Grower,Peak Rainy,Recovering,733,28.3,76.6,33.56,75.71,824.34,1105.11,1.2,High deaths,1
42,Pen_C,26,Nigerian Local,Grower,Peak Rainy,Post-Vaccination,733,26.6,72.6,54.97,113.0,879.31,1161.54,1.2,Vaccination stress,1
42,Pen_C,27,Nigerian Local,Grower,Peak Rainy,Recovering,733,27.3,79.0,42.25,86.82,921.56,1161.54,2.142,Disease symptoms,0
42,Pen_C,28,Nigerian Local,Grower,Peak Rainy,Healthy,733,29.5,74.5,80.76,191.73,1002.32,1280.24,1.2,None,0
42,Pen_C,29,Nigerian Local,Finisher,Peak Rainy,Healthy,733,27.0,82.3,102.46,205.9,1104.78,1408.57,1.2,None,0
42,Pen_C,30,Nigerian Local,Finisher,Peak Rainy,Mild Stress,733,27.3,90.5,86.83,186.0,1191.61,1408.57,1.2,None,0
42,Pen_C,31,Nigerian Local,Finisher,Peak Rainy,Healthy,733,29.4,71.5,101.54,231.8,1293.16,1527.0,1.2,None,0
42,Pen_C,32,Nigerian Local,Finisher,Peak Rainy,Healthy,733,28.4,87.7,95.97,210.63,1389.13,1534.88,1.2,Very high humidity,0
42,Pen_C,33,Nigerian Local,Finisher,Peak Rainy,Healthy,733,29.5,78.8,97.64,217.89,1486.77,1675.69,1.2,None,0
42,Pen_C,34,Nigerian Local,Finisher,Peak Rainy,Healthy,733,26.2,79.3,100.69,201.41,1587.46,1697.61,1.2,None,0
42,Pen_C,35,Nigerian Local,Finisher,Peak Rainy,Healthy,733,23.8,81.9,95.23,191.84,1682.69,1697.61,1.2,None,0
42,Pen_C,36,Nigerian Local,Finisher,Peak Rainy,Recovering,733,26.4,83.0,91.45,191.61,1774.15,1697.61,1.2,None,0
42,Pen_C,37,Nigerian Local,Finisher,Peak Rainy,Healthy,733,26.0,82.5,114.78,232.55,1888.93,1699.79,1.2,None,0
42,Pen_C,38,Nigerian Local,Finisher,Peak Rainy,Mild Stress,733,32.1,85.0,105.99,261.05,1994.92,1699.79,1.2,Poor ventilation,0
42,Pen_C,39,Nigerian Local,Finisher,Peak Rainy,Healthy,733,27.8,82.6,118.66,249.72,2113.58,1740.52,1.258,None,0
42,Pen_C,40,Nigerian Local,Finisher,Peak Rainy,Healthy,733,28.0,80.3,118.52,245.97,2232.1,1828.1,1.2,None,0
42,Pen_C,41,Nigerian Local,Finisher,Peak Rainy,Healthy,733,29.4,89.1,113.5,258.68,2345.6,1828.1,1.263,None,0
42,Pen_C,42,Nigerian Local,Finisher,Peak Rainy,Recovering,733,28.1,86.3,64.27,138.04,2409.86,1828.1,1.855,Disease symptoms,1
43,Pen_D,1,Noiler,Starter,Late Rainy,Healthy,506,31.2,77.2,17.97,43.38,17.97,273.83,1.2,None,0
43,Pen_D,2,Noiler,Starter,Late Rainy,Healthy,506,32.4,90.4,14.68,30.25,32.65,301.87,1.2,None,0
43,Pen_D,3,Noiler,Starter,Late Rainy,Recovering,506,37.2,89.2,5.0,20.0,37.65,301.87,2.036,Mouldy feed,1
43,Pen_D,4,Noiler,Starter,Late Rainy,Mild Stress,506,36.6,81.9,14.33,46.61,51.97,344.82,1.2,Heat stress,0
43,Pen_D,5,Noiler,Starter,Late Rainy,Recovering,506,33.4,74.8,12.87,24.62,64.84,348.5,1.2,None,0
43,Pen_D,6,Noiler,Starter,Late Rainy,Healthy,506,31.1,82.0,12.35,27.51,77.19,403.75,1.2,None,0
43,Pen_D,7,Noiler,Starter,Late Rainy,Healthy,506,30.5,81.0,13.52,27.63,90.7,463.25,1.2,None,0
43,Pen_D,8,Noiler,Starter,Late Rainy,Healthy,506,31.8,78.4,31.45,77.81,122.15,463.25,1.2,None,0
43,Pen_D,9,Noiler,Starter,Late Rainy,Healthy,506,34.0,81.3,31.83,82.03,153.98,529.82,1.2,None,0
43,Pen_D,10,Noiler,Starter,Late Rainy,Healthy,506,32.4,85.3,31.26,79.05,185.24,563.33,1.2,None,1
43,Pen_D,11,Noiler,Starter,Late Rainy,Mild Stress,506,34.5,83.4,22.71,54.22,207.95,588.26,1.2,None,0
43,Pen_D,12,Noiler,Starter,Late Rainy,Healthy,506,30.4,79.3,29.64,66.78,237.59,710.69,1.2,None,0
43,Pen_D,13,Noiler,Starter,Late Rainy,Healthy,506,32.9,75.0,30.04,80.03,267.63,710.69,1.2,None,0
43,Pen_D,14,Noiler,Starter,Late Rainy,Recovering,506,33.0,80.0,23.44,55.47,291.07,710.69,1.2,None,1
43,Pen_D,15,Noiler,Grower,Late Rainy,Healthy,506,30.2,97.9,56.34,129.05,347.41,829.47,1.2,Very high humidity,0
43,Pen_D,16,Noiler,Grower,Late Rainy,Healthy,506,32.6,77.0,59.26,154.74,406.67,860.53,1.2,None,0
43,Pen_D,17,Noiler,Grower,Late Rainy,Recovering,506,31.9,76.7,47.01,119.75,453.68,860.53,1.2,None,0
43,Pen_D,18,Noiler,Grower,Late Rainy,Mild Stress,506,30.4,73.9,27.67,56.87,481.35,860.53,1.928,Low appetite,0
43,Pen_D,19,Noiler,Grower,Late Rainy,Mild Stress,506,31.8,80.4,54.23,133.86,535.58,1005.67,1.2,None,0
43,Pen_D,20,Noiler,Grower,Late Rainy,Post-Vaccination,506,32.9,80.0,34.69,88.39,570.28,1039.6,1.2,Vaccination stress,0
43,Pen_D,21,Noiler,Grower,Late Rainy,Recovering,506,33.5,85.2,30.33,72.81,600.61,1039.6,1.693,Mouldy feed,1
43,Pen_D,22,Noiler,Grower,Late Rainy,Healthy,506,29.5,83.7,84.23,186.05,684.84,1270.41,1.2,None,0
43,Pen_D,23,Noiler,Grower,Late Rainy,Recovering,506,32.7,87.7,32.54,77.34,717.38,1270.41,1.961,Mouldy feed,0
43,Pen_D,24,Noiler,Grower,Late Rainy,Mild Stress,506,32.4,70.7,82.56,197.7,799.94,1302.39,1.2,None,0
43,Pen_D,25,Noiler,Grower,Late Rainy,Healthy,506,32.8,76.6,89.01,217.8,888.94,1497.67,1.2,None,1
43,Pen_D,26,Noiler,Grower,Late Rainy,Healthy,506,33.1,75.9,86.52,216.21,975.46,1497.67,1.2,None,0
43,Pen_D,27,Noiler,Grower,Late Rainy,Recovering,506,32.6,92.2,44.08,111.65,1019.54,1497.67,2.1,Mouldy feed,0
43,Pen_D,28,Noiler,Grower,Late Rainy,Recovering,506,30.5,78.3,32.96,75.38,1052.5,1497.67,1.2,High deaths,1
43,Pen_D,29,Noiler,Finisher,Late Rainy,Mild Stress,506,33.6,81.5,97.45,248.63,1149.95,1526.98,1.2,None,0
43,Pen_D,30,Noiler,Finisher,Late Rainy,Healthy,506,31.4,81.9,106.74,243.08,1256.69,1676.74,1.2,None,0
43,Pen_D,31,Noiler,Finisher,Late Rainy,Healthy,506,29.9,80.8,107.57,244.01,1364.26,1686.06,1.2,None,0
43,Pen_D,32,Noiler,Finisher,Late Rainy,Recovering,506,33.4,86.3,53.38,129.56,1417.64,1686.06,1.2,High deaths,1
43,Pen_D,33,Noiler,Finisher,Late Rainy,Post-Vaccination,506,30.0,72.9,74.08,164.8,1491.72,1686.06,1.2,Vaccination stress,0
43,Pen_D,34,Noiler,Finisher,Late Rainy,Healthy,506,31.3,83.1,108.23,252.91,1599.95,1884.69,1.2,None,0
43,Pen_D,35,Noiler,Finisher,Late Rainy,Healthy,506,29.6,77.1,109.04,243.39,1708.98,1927.32,1.2,None,0
43,Pen_D,36,Noiler,Finisher,Late Rainy,Mild Stress,506,36.8,87.2,99.36,281.65,1808.34,1927.32,1.2,Heat stress,1
43,Pen_D,37,Noiler,Finisher,Late Rainy,Healthy,506,32.3,87.0,125.72,304.52,1934.06,1997.9,1.2,Very high humidity,0
43,Pen_D,38,Noiler,Finisher,Late Rainy,Mild Stress,506,38.4,90.2,88.87,251.34,2022.94,1997.9,1.2,Poor ventilation,0
43,Pen_D,39,Noiler,Finisher,Late Rainy,Healthy,506,34.3,80.2,115.98,300.14,2138.91,1997.9,1.2,None,0
43,Pen_D,40,Noiler,Finisher,Late Rainy,Healthy,506,33.3,74.1,131.22,331.06,2270.13,1997.9,1.2,None,0
43,Pen_D,41,Noiler,Finisher,Late Rainy,Recovering,506,31.8,75.3,99.83,244.07,2369.96,1997.9,1.253,None,0
43,Pen_D,42,Noiler,Finisher,Late Rainy,Healthy,506,33.6,79.3,128.52,329.31,2498.48,2092.67,1.239,None,0
44,Pen_E,1,Ross 308,Starter,Early Rainy,Healthy,558,33.1,80.9,14.72,41.44,14.72,329.87,1.2,None,0
44,Pen_E,2,Ross 308,Starter,Early Rainy,Healthy,558,34.2,82.1,12.13,29.18,26.85,348.32,1.2,None,0
44,Pen_E,3,Ross 308,Starter,Early Rainy,Mild Stress,558,31.8,85.1,8.51,26.82,35.37,348.32,1.869,Very poor weight gain,0
44,Pen_E,4,Ross 308,Starter,Early Rainy,Healthy,558,34.1,80.5,10.69,21.77,46.06,420.71,1.2,None,0
44,Pen_E,5,Ross 308,Starter,Early Rainy,Healthy,558,33.7,87.0,12.13,31.45,58.19,464.4,1.2,Very high humidity,0
44,Pen_E,6,Ross 308,Starter,Early Rainy,Recovering,558,33.3,80.9,6.79,20.0,64.97,464.4,1.2,High deaths,1
44,Pen_E,7,Ross 308,Starter,Early Rainy,Recovering,558,34.7,75.3,8.56,20.0,73.54,464.4,1.2,None,0
44,Pen_E,8,Ross 308,Starter,Early Rainy,Healthy,558,34.8,72.7,31.34,75.91,104.88,532.84,1.2,None,0
44,Pen_E,9,Ross 308,Starter,Early Rainy,Healthy,558,32.9,85.2,35.78,85.32,140.66,606.13,1.2,None,1
44,Pen_E,10,Ross 308,Starter,Early Rainy,Recovering,558,35.5,95.0,21.98,60.17,162.64,606.13,1.2,Very high humidity,1
44,Pen_E,11,Ross 308,Starter,Early Rainy,Healthy,558,32.7,75.4,37.38,94.55,200.01,684.0,1.2,None,0
44,Pen_E,12,Ross 308,Starter,Early Rainy,Healthy,558,33.9,67.3,36.23,93.16,236.24,816.42,1.2,None,0
44,Pen_E,13,Ross 308,Starter,Early Rainy,Healthy,558,30.7,77.6,34.2,69.19,270.44,868.16,1.2,None,0
44,Pen_E,14,Ross 308,Starter,Early Rainy,Healthy,558,32.9,71.2,38.74,89.97,309.17,955.52,1.2,None,0
44,Pen_E,15,Ross 308,Grower,Early Rainy,Healthy,558,34.3,79.4,52.35,134.25,361.53,984.66,1.2,None,0
44,Pen_E,16,Ross 308,Grower,Early Rainy,Healthy,558,33.4,67.2,65.75,164.83,427.28,1049.04,1.2,None,0
44,Pen_E,17,Ross 308,Grower,Early Rainy,Mild Stress,558,36.3,92.4,49.68,136.65,476.96,1049.04,1.2,Dirty/wet litter,0
44,Pen_E,18,Ross 308,Grower,Early Rainy,Recovering,558,34.8,77.4,29.66,69.04,506.61,1049.04,1.872,Disease symptoms,1
44,Pen_E,19,Ross 308,Grower,Early Rainy,Healthy,558,33.0,77.5,63.42,155.53,570.03,1237.4,1.2,None,0
44,Pen_E,20,Ross 308,Grower,Early Rainy,Healthy,558,33.2,86.2,63.92,149.45,633.95,1375.5,1.2,Very high humidity,0
44,Pen_E,21,Ross 308,Grower,Early Rainy,Healthy,558,32.8,72.2,67.08,166.59,701.03,1375.5,1.2,None,0
44,Pen_E,22,Ross 308,Grower,Early Rainy,Healthy,558,32.9,83.0,94.45,236.95,795.48,1518.3,1.2,None,0
44,Pen_E,23,Ross 308,Grower,Early Rainy,Mild Stress,558,36.0,82.4,74.81,207.85,870.29,1518.3,1.2,Poor ventilation,1
44,Pen_E,24,Ross 308,Grower,Early Rainy,Recovering,558,34.2,92.2,62.63,159.86,932.92,1518.3,1.2,None,0
44,Pen_E,25,Ross 308,Grower,Early Rainy,Mild Stress,558,35.2,84.0,56.19,146.71,989.12,1518.3,2.105,Very poor weight gain,0
44,Pen_E,26,Ross 308,Grower,Early Rainy,Recovering,558,36.6,76.0,44.59,124.34,1033.71,1518.3,1.2,High deaths,1
44,Pen_E,27,Ross 308,Grower,Early Rainy,Recovering,558,34.9,85.3,31.81,86.16,1065.52,1518.3,1.733,Mouldy feed,1
44,Pen_E,28,Ross 308,Grower,Early Rainy,Healthy,558,33.7,76.9,95.24,240.62,1160.76,1964.8,1.2,None,0
44,Pen_E,29,Ross 308,Finisher,Early Rainy,Healthy,558,32.8,77.6,119.5,298.08,1280.27,1986.72,1.2,None,0
44,Pen_E,30,Ross 308,Finisher,Early Rainy,Healthy,558,31.5,87.8,114.43,280.47,1394.7,1986.72,1.2,None,0
44,Pen_E,31,Ross 308,Finisher,Early Rainy,Mild Stress,558,37.6,89.9,81.15,226.4,1475.85,1986.72,1.2,Dirty/wet litter,0
44,Pen_E,32,Ross 308,Finisher,Early Rainy,Healthy,558,33.5,76.2,122.47,309.65,1598.32,2145.88,1.2,None,0
44,Pen_E,33,Ross 308,Finisher,Early Rainy,Healthy,558,32.0,83.9,118.93,284.05,1717.25,2188.7,1.2,None,0
44,Pen_E,34,Ross 308,Finisher,Early Rainy,Recovering,558,33.7,89.9,47.12,123.34,1764.37,2188.7,1.731,Mouldy feed,0
44,Pen_E,35,Ross 308,Finisher,Early Rainy,Mild Stress,558,37.0,87.2,94.82,255.8,1859.19,2188.7,1.2,Dirty/wet litter,0
44,Pen_E,36,Ross 308,Finisher,Early Rainy,Healthy,558,34.6,88.6,124.98,328.64,1984.17,2188.7,1.2,None,0
44,Pen_E,37,Ross 308,Finisher,Early Rainy,Post-Vaccination,558,33.0,66.8,89.01,221.24,2073.17,2188.7,1.2,Vaccination stress,0
44,Pen_E,38,Ross 308,Finisher,Early Rainy,Mild Stress,558,33.5,86.0,87.8,220.76,2160.97,2188.7,2.281,Very poor weight gain,1
44,Pen_E,39,Ross 308,Finisher,Early Rainy,Healthy,558,32.9,85.9,137.72,344.97,2298.69,2379.0,1.2,None,0
44,Pen_E,40,Ross 308,Finisher,Early Rainy,Mild Stress,558,34.8,94.9,103.96,273.73,2402.65,2379.0,1.2,Dirty/wet litter,1
44,Pen_E,41,Ross 308,Finisher,Early Rainy,Mild Stress,558,32.9,75.7,130.07,311.15,2532.72,2379.0,1.2,None,0
44,Pen_E,42,Ross 308,Finisher,Early Rainy,Healthy,558,34.0,84.3,122.29,321.4,2655.01,2418.95,1.2,None,0
45,Pen_F,1,Ross 308,Starter,Early Rainy,Recovering,768,33.5,72.3,12.78,35.57,12.78,275.41,1.2,None,0
45,Pen_F,2,Ross 308,Starter,Early Rainy,Healthy,768,32.5,79.3,14.8,43.9,27.57,372.7,1.2,None,0
45,Pen_F,3,Ross 308,Starter,Early Rainy,Healthy,768,41.0,79.9,11.16,34.07,38.73,398.31,1.2,Heat stress,1
45,Pen_F,4,Ross 308,Starter,Early Rainy,Healthy,768,31.8,77.8,12.26,34.65,51.0,409.9,1.2,None,0
45,Pen_F,5,Ross 308,Starter,Early Rainy,Mild Stress,768,33.3,88.2,9.7,26.39,60.69,409.9,2.013,Low appetite,0
45,Pen_F,6,Ross 308,Starter,Early Rainy,Healthy,768,35.8,68.2,12.85,35.96,73.55,502.14,1.2,None,0
45,Pen_F,7,Ross 308,Starter,Early Rainy,Mild Stress,768,35.5,84.2,8.52,28.5,82.06,502.14,1.2,Dirty/wet litter,0
45,Pen_F,8,Ross 308,Starter,Early Rainy,Recovering,768,35.9,76.8,16.28,42.91,98.35,502.14,1.2,High deaths,1
45,Pen_F,9,Ross 308,Starter,Early Rainy,Healthy,768,32.4,78.7,31.71,74.09,130.06,590.0,1.2,None,0
45,Pen_F,10,Ross 308,Starter,Early Rainy,Healthy,768,35.9,79.2,30.58,70.14,160.64,667.08,1.2,None,0
45,Pen_F,11,Ross 308,Starter,Early Rainy,Mild Stress,768,33.0,85.3,29.22,72.34,189.86,667.08,1.2,None,1
45,Pen_F,12,Ross 308,Starter,Early Rainy,Mild Stress,768,32.0,82.4,22.9,59.81,212.76,667.08,1.723,Very poor weight gain,0
45,Pen_F,13,Ross 308,Starter,Early Rainy,Healthy,768,33.3,82.5,35.55,85.57,248.31,853.08,1.2,None,0
45,Pen_F,14,Ross 308,Starter,Early Rainy,Recovering,768,31.4,83.2,26.47,70.77,274.78,857.88,1.2,None,0
45,Pen_F,15,Ross 308,Grower,Early Rainy,Healthy,768,33.0,80.8,64.02,146.77,338.8,966.65,1.2,None,0
45,Pen_F,16,Ross 308,Grower,Early Rainy,Mild Stress,768,34.4,75.4,53.22,140.59,392.02,966.65,1.2,None,0
45,Pen_F,17,Ross 308,Grower,Early Rainy,Healthy,768,34.8,83.1,54.75,133.39,446.77,1151.38,1.2,None,0
45,Pen_F,18,Ross 308,Grower,Early Rainy,Healthy,768,33.8,88.5,63.04,166.05,509.82,1234.58,1.2,None,0
45,Pen_F,19,Ross 308,Grower,Early Rainy,Healthy,768,34.1,79.9,57.12,151.38,566.93,1295.79,1.2,None,0
45,Pen_F,20,Ross 308,Grower,Early Rainy,Healthy,768,32.3,74.2,65.93,157.49,632.87,1328.84,1.2,None,0
45,Pen_F,21,Ross 308,Grower,Early Rainy,Healthy,768,36.2,83.5,56.18,148.63,689.04,1449.82,1.2,None,0
45,Pen_F,22,Ross 308,Grower,Early Rainy,Healthy,768,34.0,78.2,81.8,203.52,770.84,1485.54,1.2,None,0
45,Pen_F,23,Ross 308,Grower,Early Rainy,Healthy,768,35.5,79.2,81.5,211.02,852.34,1490.56,1.2,None,0
45,Pen_F,24,Ross 308,Grower,Early Rainy,Healthy,768,32.3,84.5,95.22,230.51,947.56,1600.15,1.2,None,0
45,Pen_F,25,Ross 308,Grower,Early Rainy,Healthy,768,35.4,72.7,82.79,229.6,1030.36,1605.72,1.2,None,0
45,Pen_F,26,Ross 308,Grower,Early Rainy,Healthy,768,33.7,78.2,94.46,237.4,1124.82,1741.02,1.2,None,0
45,Pen_F,27,Ross 308,Grower,Early Rainy,Mild Stress,768,37.3,94.0,64.17,167.77,1188.99,1741.02,1.2,Poor ventilation,1
45,Pen_F,28,Ross 308,Grower,Early Rainy,Healthy,768,33.4,77.2,87.73,213.31,1276.71,1991.05,1.2,None,0
45,Pen_F,29,Ross 308,Finisher,Early Rainy,Healthy,768,32.7,81.8,114.92,279.16,1391.64,1991.05,1.2,None,0
45,Pen_F,30,Ross 308,Finisher,Early Rainy,Mild Stress,768,34.4,75.9,96.4,256.68,1488.03,1991.05,1.2,None,0
45,Pen_F,31,Ross 308,Finisher,Early Rainy,Healthy,768,39.7,79.9,94.59,274.65,1582.62,2100.04,1.2,Heat stress,0
45,Pen_F,32,Ross 308,Finisher,Early Rainy,Mild Stress,768,35.3,78.2,69.82,180.34,1652.45,2100.04,2.072,Very poor weight gain,0
45,Pen_F,33,Ross 308,Finisher,Early Rainy,Healthy,768,33.4,71.7,122.6,309.92,1775.05,2208.13,1.2,None,0
45,Pen_F,34,Ross 308,Finisher,Early Rainy,Mild Stress,768,34.4,82.1,92.33,230.05,1867.37,2208.13,1.2,None,0
45,Pen_F,35,Ross 308,Finisher,Early Rainy,Mild Stress,768,34.7,85.0,90.45,230.07,1957.82,2208.13,1.2,None,0
45,Pen_F,36,Ross 308,Finisher,Early Rainy,Healthy,768,36.2,77.7,129.52,347.54,2087.34,2366.22,1.2,None,0
45,Pen_F,37,Ross 308,Finisher,Early Rainy,Mild Stress,768,32.5,85.0,126.18,311.19,2213.52,2366.22,1.2,None,0
45,Pen_F,38,Ross 308,Finisher,Early Rainy,Healthy,768,33.1,71.1,148.42,361.33,2361.94,2366.22,1.2,None,0
45,Pen_F,39,Ross 308,Finisher,Early Rainy,Healthy,768,33.4,75.4,145.36,368.51,2507.3,2480.37,1.2,None,0
45,Pen_F,40,Ross 308,Finisher,Early Rainy,Recovering,768,34.6,85.8,61.09,160.16,2568.39,2480.37,1.99,Mouldy feed,0
45,Pen_F,41,Ross 308,Finisher,Early Rainy,Healthy,768,36.5,83.4,125.92,331.17,2694.31,2480.37,1.2,None,0
45,Pen_F,42,Ross 308,Finisher,Early Rainy,Healthy,768,37.3,76.6,111.31,313.17,2805.62,2480.37,1.2,None,0
46,Pen_G,1,Cobb 500,Starter,Peak Rainy,Mild Stress,744,37.2,86.1,8.63,26.03,8.63,264.91,1.2,Poor ventilation,1
46,Pen_G,2,Cobb 500,Starter,Peak Rainy,Healthy,744,27.4,70.6,19.3,44.85,27.92,354.43,1.2,None,0
46,Pen_G,3,Cobb 500,Starter,Peak Rainy,Mild Stress,744,27.5,80.0,8.98,26.36,36.9,354.43,2.282,Low appetite,0
46,Pen_G,4,Cobb 500,Starter,Peak Rainy,Healthy,744,26.4,82.0,17.11,35.3,54.0,444.46,1.2,None,0
46,Pen_G,5,Cobb 500,Starter,Peak Rainy,Healthy,744,29.0,75.4,16.55,36.03,70.55,479.87,1.2,None,0
46,Pen_G,6,Cobb 500,Starter,Peak Rainy,Healthy,744,26.3,85.7,14.65,27.41,85.19,536.09,1.2,None,0
46,Pen_G,7,Cobb 500,Starter,Peak Rainy,Recovering,744,26.7,85.1,5.0,20.0,90.19,536.09,1.2,High deaths,0
46,Pen_G,8,Cobb 500,Starter,Peak Rainy,Healthy,744,27.9,82.6,34.58,71.77,124.77,568.18,1.2,None,0
46,Pen_G,9,Cobb 500,Starter,Peak Rainy,Mild Stress,744,28.6,76.2,31.32,70.17,156.09,610.98,1.2,None,1
46,Pen_G,10,Cobb 500,Starter,Peak Rainy,Healthy,744,28.3,88.6,37.64,76.71,193.72,712.8,1.2,None,0
46,Pen_G,11,Cobb 500,Starter,Peak Rainy,Mild Stress,744,26.1,75.5,31.03,60.99,224.75,747.06,1.2,None,0
46,Pen_G,12,Cobb 500,Starter,Peak Rainy,Mild Stress,744,29.3,80.3,32.36,70.96,257.11,762.73,1.2,None,1
46,Pen_G,13,Cobb 500,Starter,Peak Rainy,Healthy,744,27.1,77.9,33.62,79.26,290.73,938.73,1.2,None,0
46,Pen_G,14,Cobb 500,Starter,Peak Rainy,Mild Stress,744,28.0,78.2,36.03,78.86,326.76,938.73,1.2,None,0
46,Pen_G,15,Cobb 500,Grower,Peak Rainy,Mild Stress,744,27.8,78.8,45.34,100.91,372.1,938.73,1.81,Very poor weight gain,1
46,Pen_G,16,Cobb 500,Grower,Peak Rainy,Mild Stress,744,31.0,81.2,36.56,83.54,408.65,938.73,2.298,Low appetite,0
46,Pen_G,17,Cobb 500,Grower,Peak Rainy,Healthy,744,25.7,75.5,64.84,130.82,473.5,1147.48,1.2,None,0
46,Pen_G,18,Cobb 500,Grower,Peak Rainy,Healthy,744,28.4,74.2,68.63,140.99,542.13,1236.15,1.2,None,0
46,Pen_G,19,Cobb 500,Grower,Peak Rainy,Healthy,744,30.9,76.4,67.1,150.7,609.23,1393.1,1.2,None,0
46,Pen_G,20,Cobb 500,Grower,Peak Rainy,Healthy,744,30.7,80.0,67.0,155.56,676.23,1410.09,1.2,None,0
46,Pen_G,21,Cobb 500,Grower,Peak Rainy,Healthy,744,25.8,74.5,65.91,130.6,742.14,1559.92,1.2,None,0
46,Pen_G,22,Cobb 500,Grower,Peak Rainy,Recovering,744,25.8,75.7,34.49,77.54,776.63,1559.92,1.2,High deaths,0
46,Pen_G,23,Cobb 500,Grower,Peak Rainy,Healthy,744,28.7,95.7,94.0,208.13,870.63,1572.17,1.2,None,1
46,Pen_G,24,Cobb 500,Grower,Peak Rainy,Healthy,744,31.5,77.6,97.52,241.45,968.15,1627.12,1.2,None,0
46,Pen_G,25,Cobb 500,Grower,Peak Rainy,Recovering,744,30.5,92.6,33.19,76.48,1001.34,1627.12,1.2,High deaths,1
46,Pen_G,26,Cobb 500,Grower,Peak Rainy,Recovering,744,30.1,82.3,38.04,90.04,1039.38,1627.12,1.2,High deaths,1
46,Pen_G,27,Cobb 500,Grower,Peak Rainy,Healthy,744,37.1,82.3,73.22,195.12,1112.6,1897.72,1.2,Heat stress,1
46,Pen_G,28,Cobb 500,Grower,Peak Rainy,Mild Stress,744,26.3,86.8,64.51,126.86,1177.11,1897.72,1.808,Very poor weight gain,1
46,Pen_G,29,Cobb 500,Finisher,Peak Rainy,Recovering,744,38.5,94.2,44.01,125.19,1221.12,1897.72,2.04,Mouldy feed,1
46,Pen_G,30,Cobb 500,Finisher,Peak Rainy,Healthy,744,29.5,74.5,124.94,280.89,1346.06,2011.36,1.2,None,0
46,Pen_G,31,Cobb 500,Finisher,Peak Rainy,Mild Stress,744,25.8,75.1,115.06,235.89,1461.13,2011.36,1.2,None,0
46,Pen_G,32,Cobb 500,Finisher,Peak Rainy,Recovering,744,29.6,82.7,94.16,204.83,1555.29,2011.36,1.2,None,0
46,Pen_G,33,Cobb 500,Finisher,Peak Rainy,Healthy,744,28.3,90.6,118.54,261.79,1673.83,2265.07,1.2,None,0
46,Pen_G,34,Cobb 500,Finisher,Peak Rainy,Healthy,744,25.8,83.6,122.77,254.65,1796.61,2265.07,1.2,None,0
46,Pen_G,35,Cobb 500,Finisher,Peak Rainy,Healthy,744,29.4,68.6,123.37,279.0,1919.97,2268.56,1.2,None,0
46,Pen_G,36,Cobb 500,Finisher,Peak Rainy,Mild Stress,744,29.2,83.2,67.49,147.94,1987.46,2268.56,1.752,Low appetite,0
46,Pen_G,37,Cobb 500,Finisher,Peak Rainy,Recovering,744,27.4,84.2,75.5,165.95,2062.96,2268.56,1.594,Disease symptoms,1
46,Pen_G,38,Cobb 500,Finisher,Peak Rainy,Healthy,744,28.9,76.0,148.91,335.66,2211.87,2365.93,1.2,None,0
46,Pen_G,39,Cobb 500,Finisher,Peak Rainy,Healthy,744,27.5,75.8,148.73,318.64,2360.6,2473.15,1.2,None,0
46,Pen_G,40,Cobb 500,Finisher,Peak Rainy,Healthy,744,28.4,81.3,146.1,318.4,2506.7,2519.77,1.2,None,0
46,Pen_G,41,Cobb 500,Finisher,Peak Rainy,Mild Stress,744,33.4,85.9,132.07,326.55,2638.77,2519.77,1.2,Dirty/wet litter,1
46,Pen_G,42,Cobb 500,Finisher,Peak Rainy,Mild Stress,744,28.5,79.0,131.66,286.64,2770.43,2519.77,1.2,None,0
47,Pen_H,1,Noiler,Starter,Early Rainy,Healthy,856,31.3,79.2,14.4,36.39,14.4,257.11,1.2,None,0
47,Pen_H,2,Noiler,Starter,Early Rainy,Healthy,856,28.2,81.7,18.96,34.21,33.36,310.4,1.2,None,0
47,Pen_H,3,Noiler,Starter,Early Rainy,Healthy,856,29.0,87.9,13.74,21.44,47.1,337.63,1.2,Very high humidity,1
47,Pen_H,4,Noiler,Starter,Early Rainy,Post-Vaccination,856,31.2,74.0,8.3,20.0,55.4,337.63,1.2,Vaccination stress,1
47,Pen_H,5,Noiler,Starter,Early Rainy,Healthy,856,27.0,79.9,10.19,20.48,65.58,391.33,1.2,None,0
47,Pen_H,6,Noiler,Starter,Early Rainy,Recovering,856,37.2,85.4,6.57,20.0,72.16,391.33,1.6,Mouldy feed,0
47,Pen_H,7,Noiler,Starter,Early Rainy,Recovering,856,33.3,83.9,5.08,20.0,77.23,391.33,1.845,Mouldy feed,1
47,Pen_H,8,Noiler,Starter,Early Rainy,Healthy,856,30.6,85.2,31.4,75.96,108.64,470.77,1.2,None,0
47,Pen_H,9,Noiler,Starter,Early Rainy,Mild Stress,856,32.9,77.0,21.7,51.16,130.34,503.3,1.2,None,0
47,Pen_H,10,Noiler,Starter,Early Rainy,Mild Stress,856,36.1,95.1,24.41,60.61,154.75,503.3,1.2,Poor ventilation,0
47,Pen_H,11,Noiler,Starter,Early Rainy,Healthy,856,32.0,74.2,31.27,84.48,186.02,643.76,1.2,None,0
47,Pen_H,12,Noiler,Starter,Early Rainy,Mild Stress,856,32.4,79.9,15.49,38.45,201.51,643.76,1.713,Very poor weight gain,0
47,Pen_H,13,Noiler,Starter,Early Rainy,Healthy,856,36.9,87.4,28.35,72.28,229.86,721.03,1.2,Heat stress,0
47,Pen_H,14,Noiler,Starter,Early Rainy,Mild Stress,856,29.6,82.5,17.33,36.22,247.19,721.03,1.649,Very poor weight gain,0
47,Pen_H,15,Noiler,Grower,Early Rainy,Healthy,856,30.7,73.4,58.63,140.1,305.82,839.5,1.2,None,0
47,Pen_H,16,Noiler,Grower,Early Rainy,Recovering,856,29.1,85.1,40.85,90.11,346.67,839.5,1.2,None,1
47,Pen_H,17,Noiler,Grower,Early Rainy,Healthy,856,29.9,97.6,54.6,120.87,401.27,955.29,1.2,Very high humidity,0
47,Pen_H,18,Noiler,Grower,Early Rainy,Mild Stress,856,31.2,76.3,37.06,87.91,438.33,955.29,1.973,Very poor weight gain,0
47,Pen_H,19,Noiler,Grower,Early Rainy,Healthy,856,30.8,88.7,55.2,136.69,493.53,1044.55,1.2,Very high humidity,0
47,Pen_H,20,Noiler,Grower,Early Rainy,Mild Stress,856,28.9,81.2,52.56,125.14,546.09,1104.31,1.2,None,1
47,Pen_H,21,Noiler,Grower,Early Rainy,Healthy,856,28.3,82.7,57.09,129.48,603.18,1237.03,1.2,None,0
47,Pen_H,22,Noiler,Grower,Early Rainy,Healthy,856,28.9,83.4,82.08,183.87,685.26,1237.03,1.2,None,0
47,Pen_H,23,Noiler,Grower,Early Rainy,Healthy,856,34.9,76.5,72.9,191.65,758.16,1298.84,1.2,None,0
47,Pen_H,24,Noiler,Grower,Early Rainy,Post-Vaccination,856,32.7,75.6,59.99,146.07,818.15,1298.84,1.2,Vaccination stress,0
47,Pen_H,25,Noiler,Grower,Early Rainy,Recovering,856,30.5,76.8,68.12,153.47,886.27,1298.84,1.2,None,0
47,Pen_H,26,Noiler,Grower,Early Rainy,Recovering,856,33.7,84.2,34.95,83.58,921.22,1298.84,1.969,Mouldy feed,0
47,Pen_H,27,Noiler,Grower,Early Rainy,Mild Stress,856,32.1,86.6,74.21,175.66,995.43,1338.71,1.2,Poor ventilation,1
47,Pen_H,28,Noiler,Grower,Early Rainy,Healthy,856,30.4,79.4,86.56,202.89,1081.99,1590.51,1.2,None,0
47,Pen_H,29,Noiler,Finisher,Early Rainy,Mild Stress,856,31.7,75.3,96.37,222.58,1178.36,1590.51,1.2,None,0
47,Pen_H,30,Noiler,Finisher,Early Rainy,Recovering,856,39.1,73.9,67.78,190.23,1246.14,1590.51,1.2,Heat stress,0
47,Pen_H,31,Noiler,Finisher,Early Rainy,Healthy,856,29.5,85.1,108.81,244.03,1354.95,1706.76,1.2,None,0
47,Pen_H,32,Noiler,Finisher,Early Rainy,Healthy,856,29.6,83.1,108.16,251.3,1463.11,1807.11,1.2,None,0
47,Pen_H,33,Noiler,Finisher,Early Rainy,Healthy,856,30.2,86.7,103.82,238.51,1566.93,1875.62,1.2,None,0
47,Pen_H,34,Noiler,Finisher,Early Rainy,Healthy,856,29.1,81.3,103.26,230.21,1670.19,1875.62,1.2,None,0
47,Pen_H,35,Noiler,Finisher,Early Rainy,Healthy,856,29.9,84.3,105.91,241.14,1776.1,1875.62,1.2,None,0
47,Pen_H,36,Noiler,Finisher,Early Rainy,Healthy,856,30.1,85.4,126.93,284.72,1903.03,1921.81,1.2,None,0
47,Pen_H,37,Noiler,Finisher,Early Rainy,Post-Vaccination,856,31.8,76.8,112.17,265.8,2015.2,1921.81,1.2,None,0
47,Pen_H,38,Noiler,Finisher,Early Rainy,Healthy,856,30.6,76.5,127.92,308.61,2143.13,1921.81,1.258,None,0
47,Pen_H,39,Noiler,Finisher,Early Rainy,Healthy,856,31.5,83.9,127.71,308.57,2270.83,2093.11,1.2,None,0
47,Pen_H,40,Noiler,Finisher,Early Rainy,Post-Vaccination,856,27.8,75.1,109.99,248.02,2380.82,2093.11,1.208,None,0
47,Pen_H,41,Noiler,Finisher,Early Rainy,Recovering,856,33.4,82.5,100.89,250.16,2481.71,2093.11,1.2,None,0
47,Pen_H,42,Noiler,Finisher,Early Rainy,Healthy,856,32.4,81.0,128.9,317.99,2610.61,2093.11,1.265,None,0
48,Pen_A,1,Marshall,Starter,Peak Rainy,Healthy,871,33.5,79.1,12.44,25.56,12.44,303.58,1.2,None,0
48,Pen_A,2,Marshall,Starter,Peak Rainy,Post-Vaccination,871,30.8,78.3,11.46,33.78,23.9,303.58,1.2,Vaccination stress,0
48,Pen_A,3,Marshall,Starter,Peak Rainy,Recovering,871,32.9,71.3,10.97,29.33,34.87,305.0,1.2,None,0
48,Pen_A,4,Marshall,Starter,Peak Rainy,Recovering,871,32.2,91.1,7.09,20.0,41.96,305.0,1.2,High deaths,1
48,Pen_A,5,Marshall,Starter,Peak Rainy,Healthy,871,31.8,76.3,13.53,34.36,55.49,432.53,1.2,None,0
48,Pen_A,6,Marshall,Starter,Peak Rainy,Post-Vaccination,871,31.7,74.1,15.47,36.93,70.97,458.56,1.2,None,0
48,Pen_A,7,Marshall,Starter,Peak Rainy,Recovering,871,31.6,75.1,11.14,25.85,82.11,458.56,1.2,None,0
48,Pen_A,8,Marshall,Starter,Peak Rainy,Healthy,871,30.8,79.0,36.4,88.04,118.51,571.05,1.2,None,0
48,Pen_A,9,Marshall,Starter,Peak Rainy,Healthy,871,31.5,74.1,34.29,83.95,152.79,619.02,1.2,None,0
48,Pen_A,10,Marshall,Starter,Peak Rainy,Recovering,871,32.1,81.2,15.6,34.35,168.4,619.02,1.2,High deaths,1
48,Pen_A,11,Marshall,Starter,Peak Rainy,Healthy,871,32.4,81.1,33.55,88.7,201.95,724.91,1.2,None,0
48,Pen_A,12,Marshall,Starter,Peak Rainy,Recovering,871,35.4,94.0,15.79,43.34,217.74,724.91,1.765,Mouldy feed,1
48,Pen_A,13,Marshall,Starter,Peak Rainy,Healthy,871,30.1,76.6,34.24,77.84,251.97,836.77,1.2,None,0
48,Pen_A,14,Marshall,Starter,Peak Rainy,Mild Stress,871,38.3,82.9,29.31,86.3,281.28,836.77,1.2,Poor ventilation,1
48,Pen_A,15,Marshall,Grower,Peak Rainy,Healthy,871,32.1,80.5,62.71,159.44,344.0,950.93,1.2,None,0
48,Pen_A,16,Marshall,Grower,Peak Rainy,Healthy,871,30.0,78.8,63.47,142.59,407.47,969.9,1.2,None,0
48,Pen_A,17,Marshall,Grower,Peak Rainy,Recovering,871,31.5,75.1,28.45,66.4,435.92,969.9,2.124,Disease symptoms,0
48,Pen_A,18,Marshall,Grower,Peak Rainy,Healthy,871,30.4,88.6,63.43,146.27,499.35,1189.68,1.2,None,0
48,Pen_A,19,Marshall,Grower,Peak Rainy,Healthy,871,30.1,86.0,62.34,144.54,561.69,1235.77,1.2,None,0
48,Pen_A,20,Marshall,Grower,Peak Rainy,Healthy,871,33.0,80.7,62.0,152.34,623.69,1374.53,1.2,None,0
48,Pen_A,21,Marshall,Grower,Peak Rainy,Mild Stress,871,33.3,72.0,42.14,96.79,665.84,1374.53,2.065,Very poor weight gain,1
48,Pen_A,22,Marshall,Grower,Peak Rainy,Post-Vaccination,871,30.3,83.9,76.24,170.84,742.08,1394.59,1.2,None,0
48,Pen_A,23,Marshall,Grower,Peak Rainy,Healthy,871,34.1,76.7,80.86,204.45,822.93,1562.12,1.2,None,0
48,Pen_A,24,Marshall,Grower,Peak Rainy,Post-Vaccination,871,31.5,76.1,50.43,119.74,873.36,1562.12,1.2,Vaccination stress,0
48,Pen_A,25,Marshall,Grower,Peak Rainy,Healthy,871,30.5,86.2,92.16,213.63,965.51,1702.18,1.2,None,1
48,Pen_A,26,Marshall,Grower,Peak Rainy,Healthy,871,30.3,78.5,93.64,216.99,1059.15,1805.39,1.2,None,0
48,Pen_A,27,Marshall,Grower,Peak Rainy,Mild Stress,871,34.1,82.8,53.06,131.57,1112.21,1805.39,2.279,Very poor weight gain,1
48,Pen_A,28,Marshall,Grower,Peak Rainy,Recovering,871,37.4,93.4,29.29,77.49,1141.5,1805.39,1.563,Mouldy feed,1
48,Pen_A,29,Marshall,Finisher,Peak Rainy,Healthy,871,32.5,77.2,116.96,284.46,1258.46,1845.67,1.2,None,0
48,Pen_A,30,Marshall,Finisher,Peak Rainy,Healthy,871,31.3,87.1,110.08,267.65,1368.54,2006.64,1.2,None,0
48,Pen_A,31,Marshall,Finisher,Peak Rainy,Mild Stress,871,30.3,87.7,100.58,239.7,1469.12,2006.64,1.2,None,0
48,Pen_A,32,Marshall,Finisher,Peak Rainy,Healthy,871,29.9,85.4,117.44,278.52,1586.56,2006.64,1.2,None,0
48,Pen_A,33,Marshall,Finisher,Peak Rainy,Healthy,871,31.5,78.0,121.03,291.55,1707.59,2283.98,1.2,None,0
48,Pen_A,34,Marshall,Finisher,Peak Rainy,Healthy,871,31.2,76.0,118.2,282.07,1825.78,2283.98,1.2,None,0
48,Pen_A,35,Marshall,Finisher,Peak Rainy,Recovering,871,31.7,78.6,86.87,204.37,1912.65,2283.98,1.2,None,1
48,Pen_A,36,Marshall,Finisher,Peak Rainy,Healthy,871,31.4,77.5,143.08,337.48,2055.73,2283.98,1.2,None,0
48,Pen_A,37,Marshall,Finisher,Peak Rainy,Healthy,871,31.7,80.6,143.29,345.37,2199.02,2294.48,1.2,None,0
48,Pen_A,38,Marshall,Finisher,Peak Rainy,Healthy,871,28.8,78.8,146.11,320.55,2345.13,2318.68,1.2,None,0
48,Pen_A,39,Marshall,Finisher,Peak Rainy,Healthy,871,31.2,72.4,143.91,344.34,2489.04,2419.62,1.2,None,0
48,Pen_A,40,Marshall,Finisher,Peak Rainy,Healthy,871,33.2,73.6,142.33,354.82,2631.37,2443.74,1.2,None,0
48,Pen_A,41,Marshall,Finisher,Peak Rainy,Healthy,871,33.0,88.3,138.41,337.75,2769.78,2443.74,1.2,Very high humidity,1
48,Pen_A,42,Marshall,Finisher,Peak Rainy,Healthy,871,28.8,74.3,145.97,325.24,2915.75,2510.32,1.2,None,0
49,Pen_B,1,Cobb 500,Starter,Peak Rainy,Mild Stress,770,27.5,76.0,14.02,31.97,14.02,304.72,1.2,None,0
49,Pen_B,2,Cobb 500,Starter,Peak Rainy,Healthy,770,26.5,77.0,17.35,44.77,31.36,364.97,1.2,None,0
49,Pen_B,3,Cobb 500,Starter,Peak Rainy,Post-Vaccination,770,27.3,78.6,12.55,24.74,43.91,364.97,1.2,None,0
49,Pen_B,4,Cobb 500,Starter,Peak Rainy,Recovering,770,26.5,76.7,6.94,20.0,50.85,364.97,2.163,Disease symptoms,1
49,Pen_B,5,Cobb 500,Starter,Peak Rainy,Healthy,770,36.8,83.2,13.39,42.58,64.24,474.97,1.2,Heat stress,0
49,Pen_B,6,Cobb 500,Starter,Peak Rainy,Mild Stress,770,30.3,79.7,9.55,23.05,73.8,474.97,1.566,Very poor weight gain,1
49,Pen_B,7,Cobb 500,Starter,Peak Rainy,Post-Vaccination,770,27.9,77.2,13.57,22.33,87.36,531.55,1.2,None,0
49,Pen_B,8,Cobb 500,Starter,Peak Rainy,Recovering,770,26.3,81.8,16.84,41.34,104.21,531.55,1.809,Disease symptoms,1
49,Pen_B,9,Cobb 500,Starter,Peak Rainy,Healthy,770,28.5,70.6,36.34,79.49,140.55,615.15,1.2,None,0
49,Pen_B,10,Cobb 500,Starter,Peak Rainy,Healthy,770,26.3,75.6,35.74,76.75,176.28,713.04,1.2,None,0
49,Pen_B,11,Cobb 500,Starter,Peak Rainy,Healthy,770,28.0,95.7,33.86,75.41,210.14,747.12,1.2,None,0
49,Pen_B,12,Cobb 500,Starter,Peak Rainy,Mild Stress,770,27.1,77.1,21.23,49.42,231.37,747.12,1.719,Low appetite,1
49,Pen_B,13,Cobb 500,Starter,Peak Rainy,Healthy,770,25.4,82.5,38.27,68.36,269.64,910.66,1.2,None,0
49,Pen_B,14,Cobb 500,Starter,Peak Rainy,Healthy,770,27.7,78.1,36.2,79.88,305.84,978.04,1.2,None,0
49,Pen_B,15,Cobb 500,Grower,Peak Rainy,Healthy,770,26.6,68.4,68.55,145.19,374.39,1022.79,1.2,None,0
49,Pen_B,16,Cobb 500,Grower,Peak Rainy,Post-Vaccination,770,27.3,76.4,57.09,127.0,431.47,1022.79,1.2,None,0
49,Pen_B,17,Cobb 500,Grower,Peak Rainy,Post-Vaccination,770,26.3,79.3,60.16,125.32,491.63,1030.73,1.2,None,0
49,Pen_B,18,Cobb 500,Grower,Peak Rainy,Healthy,770,27.3,88.5,64.74,134.53,556.37,1208.54,1.2,None,0
49,Pen_B,19,Cobb 500,Grower,Peak Rainy,Recovering,770,26.2,84.2,54.8,112.46,611.17,1208.54,1.2,None,0
49,Pen_B,20,Cobb 500,Grower,Peak Rainy,Mild Stress,770,27.4,81.7,56.75,127.22,667.92,1315.97,1.2,None,0
49,Pen_B,21,Cobb 500,Grower,Peak Rainy,Healthy,770,37.6,78.3,52.54,155.11,720.46,1477.07,1.2,Heat stress,0
49,Pen_B,22,Cobb 500,Grower,Peak Rainy,Healthy,770,26.7,73.2,101.98,210.15,822.44,1532.14,1.2,None,0
49,Pen_B,23,Cobb 500,Grower,Peak Rainy,Mild Stress,770,28.8,78.8,90.2,196.41,912.64,1564.15,1.2,None,0
49,Pen_B,24,Cobb 500,Grower,Peak Rainy,Healthy,770,28.8,81.1,96.5,212.77,1009.14,1693.13,1.2,None,0
49,Pen_B,25,Cobb 500,Grower,Peak Rainy,Recovering,770,35.2,93.3,42.77,98.18,1051.92,1693.13,1.585,Mouldy feed,1
49,Pen_B,26,Cobb 500,Grower,Peak Rainy,Healthy,770,26.5,71.7,101.81,217.94,1153.72,1804.67,1.2,None,0
49,Pen_B,27,Cobb 500,Grower,Peak Rainy,Healthy,770,26.6,78.6,93.98,200.42,1247.71,1938.2,1.2,None,0
49,Pen_B,28,Cobb 500,Grower,Peak Rainy,Healthy,770,27.9,81.2,97.44,213.06,1345.15,2025.26,1.2,None,0
49,Pen_B,29,Cobb 500,Finisher,Peak Rainy,Recovering,770,28.8,71.5,95.69,220.45,1440.84,2025.26,1.2,None,0
49,Pen_B,30,Cobb 500,Finisher,Peak Rainy,Healthy,770,27.3,85.2,118.49,253.89,1559.33,2034.9,1.2,None,0
49,Pen_B,31,Cobb 500,Finisher,Peak Rainy,Mild Stress,770,24.7,77.2,112.26,222.36,1671.59,2066.06,1.2,None,0
49,Pen_B,32,Cobb 500,Finisher,Peak Rainy,Mild Stress,770,29.3,81.4,65.34,145.74,1736.93,2066.06,1.9,Low appetite,0
49,Pen_B,33,Cobb 500,Finisher,Peak Rainy,Recovering,770,28.5,86.1,94.64,210.84,1831.57,2066.06,1.2,None,0
49,Pen_B,34,Cobb 500,Finisher,Peak Rainy,Post-Vaccination,770,27.4,93.2,68.52,149.28,1900.08,2066.06,1.2,Vaccination stress,1
49,Pen_B,35,Cobb 500,Finisher,Peak Rainy,Healthy,770,27.9,80.3,120.36,262.17,2020.45,2378.89,1.2,None,0
49,Pen_B,36,Cobb 500,Finisher,Peak Rainy,Mild Stress,770,29.4,76.4,65.6,148.08,2086.05,2378.89,2.232,Low appetite,0
49,Pen_B,37,Cobb 500,Finisher,Peak Rainy,Healthy,770,26.8,83.8,147.39,307.95,2233.44,2408.19,1.2,None,0
49,Pen_B,38,Cobb 500,Finisher,Peak Rainy,Mild Stress,770,26.8,85.9,60.8,133.06,2294.24,2408.19,2.022,Low appetite,1
49,Pen_B,39,Cobb 500,Finisher,Peak Rainy,Healthy,770,29.9,75.7,150.11,351.7,2444.35,2417.22,1.2,None,0
49,Pen_B,40,Cobb 500,Finisher,Peak Rainy,Mild Stress,770,30.1,77.8,128.78,298.19,2573.14,2417.22,1.2,None,0
49,Pen_B,41,Cobb 500,Finisher,Peak Rainy,Healthy,770,28.3,78.2,148.66,324.9,2721.79,2553.97,1.2,None,0
49,Pen_B,42,Cobb 500,Finisher,Peak Rainy,Mild Stress,770,26.7,79.0,81.46,179.73,2803.26,2553.97,2.0,Low appetite,1
